country,year,total_cases
Afghanistan,1990,600
Afghanistan,1991,600
Afghanistan,1992,1000
Afghanistan,1993,1100
Afghanistan,1994,1200
Afghanistan,1995,1300
Afghanistan,1996,1400
Afghanistan,1997,1500
Afghanistan,1998,1600
Afghanistan,1999,1800
Afghanistan,2000,1900
Afghanistan,2001,2000
Afghanistan,2002,2200
Afghanistan,2003,2400
Afghanistan,2004,2700
Afghanistan,2005,2900
Afghanistan,2006,3200
Afghanistan,2007,3600
Afghanistan,2008,4100
Afghanistan,2009,4600
Angola,1990,33000
Angola,1991,39000
Angola,1992,46000
Angola,1993,54000
Angola,1994,62000
Angola,1995,71000
Angola,1996,80000
Angola,1997,89000
Angola,1998,99000
Angola,1999,110000
Angola,2000,120000
Angola,2001,130000
Angola,2002,140000
Angola,2003,150000
Angola,2004,160000
Angola,2005,170000
Angola,2006,180000
Angola,2007,190000
Angola,2008,200000
Angola,2009,210000
Argentina,1990,27000
Argentina,1991,31000
Argentina,1992,35000
Argentina,1993,39000
Argentina,1994,43000
Argentina,1995,47000
Argentina,1996,51000
Argentina,1997,54000
Argentina,1998,58000
Argentina,1999,61000
Argentina,2000,64000
Argentina,2001,66000
Argentina,2002,68000
Argentina,2003,71000
Argentina,2004,74000
Argentina,2005,77000
Argentina,2006,80000
Argentina,2007,83000
Argentina,2008,86000
Argentina,2009,90000
Armenia,1990,350
Armenia,1991,600
Armenia,1992,600
Armenia,1993,600
Armenia,1994,1000
Armenia,1995,1300
Armenia,1996,1600
Armenia,1997,2000
Armenia,1998,2400
Armenia,1999,2800
Armenia,2000,3200
Armenia,2001,3500
Armenia,2002,3700
Armenia,2003,3800
Armenia,2004,3800
Armenia,2005,3800
Armenia,2006,3800
Armenia,2007,3700
Armenia,2008,3600
Armenia,2009,3600
Australia,1990,12000
Australia,1991,12000
Australia,1992,12000
Australia,1993,11000
Australia,1994,11000
Australia,1995,11000
Australia,1996,11000
Australia,1997,11000
Australia,1998,11000
Australia,1999,12000
Australia,2000,12000
Australia,2001,13000
Australia,2002,14000
Australia,2003,14000
Australia,2004,15000
Australia,2005,16000
Australia,2006,17000
Australia,2007,18000
Australia,2008,19000
Australia,2009,20000
Austria,1990,600
Austria,1991,600
Austria,1992,1000
Austria,1993,1300
Austria,1994,1500
Austria,1995,1900
Austria,1996,2300
Austria,1997,2800
Austria,1998,3300
Austria,1999,4000
Austria,2000,4700
Austria,2001,5500
Austria,2002,6400
Austria,2003,7500
Austria,2004,8600
Austria,2005,9900
Austria,2006,11000
Austria,2007,12000
Austria,2008,14000
Austria,2009,15000
Azerbaijan,1990,60
Azerbaijan,1991,160
Azerbaijan,1992,160
Azerbaijan,1993,350
Azerbaijan,1994,350
Azerbaijan,1995,600
Azerbaijan,1996,600
Azerbaijan,1997,1200
Azerbaijan,1998,1600
Azerbaijan,1999,2000
Azerbaijan,2000,2500
Azerbaijan,2001,3000
Azerbaijan,2002,3500
Azerbaijan,2003,3900
Azerbaijan,2004,4400
Azerbaijan,2005,4800
Azerbaijan,2006,5100
Azerbaijan,2007,5400
Azerbaijan,2008,5700
Azerbaijan,2009,6000
Burundi,1990,61000
Burundi,1991,76000
Burundi,1992,96000
Burundi,1993,120000
Burundi,1994,140000
Burundi,1995,160000
Burundi,1996,160000
Burundi,1997,160000
Burundi,1998,160000
Burundi,1999,150000
Burundi,2000,140000
Burundi,2001,130000
Burundi,2002,130000
Burundi,2003,120000
Burundi,2004,110000
Burundi,2005,110000
Burundi,2006,100000
Burundi,2007,99000
Burundi,2008,94000
Burundi,2009,89000
Belgium,1990,1400
Belgium,1991,1900
Belgium,1992,2400
Belgium,1993,3000
Belgium,1994,3700
Belgium,1995,4400
Belgium,1996,5000
Belgium,1997,5800
Belgium,1998,6600
Belgium,1999,7400
Belgium,2000,8300
Belgium,2001,9300
Belgium,2002,10000
Belgium,2003,11000
Belgium,2004,12000
Belgium,2005,13000
Belgium,2006,15000
Belgium,2007,16000
Belgium,2008,17000
Belgium,2009,18000
Benin,1990,78000
Benin,1991,76000
Benin,1992,74000
Benin,1993,73000
Benin,1994,72000
Benin,1995,72000
Benin,1996,72000
Benin,1997,71000
Benin,1998,70000
Benin,1999,69000
Benin,2000,67000
Benin,2001,66000
Benin,2002,64000
Benin,2003,62000
Benin,2004,61000
Benin,2005,60000
Benin,2006,60000
Benin,2007,60000
Benin,2008,60000
Benin,2009,61000
Burkina Faso,1990,180000
Burkina Faso,1991,180000
Burkina Faso,1992,180000
Burkina Faso,1993,180000
Burkina Faso,1994,180000
Burkina Faso,1995,180000
Burkina Faso,1996,180000
Burkina Faso,1997,170000
Burkina Faso,1998,170000
Burkina Faso,1999,160000
Burkina Faso,2000,160000
Burkina Faso,2001,150000
Burkina Faso,2002,150000
Burkina Faso,2003,140000
Burkina Faso,2004,140000
Burkina Faso,2005,130000
Burkina Faso,2006,130000
Burkina Faso,2007,130000
Burkina Faso,2008,120000
Burkina Faso,2009,120000
Bangladesh,1990,1100
Bangladesh,1991,1200
Bangladesh,1992,1200
Bangladesh,1993,1200
Bangladesh,1994,1200
Bangladesh,1995,1300
Bangladesh,1996,1300
Bangladesh,1997,1400
Bangladesh,1998,1600
Bangladesh,1999,1800
Bangladesh,2000,2000
Bangladesh,2001,2200
Bangladesh,2002,2500
Bangladesh,2003,2800
Bangladesh,2004,3200
Bangladesh,2005,3700
Bangladesh,2006,4200
Bangladesh,2007,4800
Bangladesh,2008,5400
Bangladesh,2009,6100
Bulgaria,1990,350
Bulgaria,1991,350
Bulgaria,1992,350
Bulgaria,1993,350
Bulgaria,1994,350
Bulgaria,1995,600
Bulgaria,1996,600
Bulgaria,1997,600
Bulgaria,1998,1000
Bulgaria,1999,1200
Bulgaria,2000,1500
Bulgaria,2001,1700
Bulgaria,2002,2000
Bulgaria,2003,2200
Bulgaria,2004,2500
Bulgaria,2005,2800
Bulgaria,2006,3100
Bulgaria,2007,3300
Bulgaria,2008,3500
Bulgaria,2009,3700
Bahamas,1990,5900
Bahamas,1991,6200
Bahamas,1992,6400
Bahamas,1993,6500
Bahamas,1994,6600
Bahamas,1995,6600
Bahamas,1996,6700
Bahamas,1997,6700
Bahamas,1998,6600
Bahamas,1999,6600
Bahamas,2000,6500
Bahamas,2001,6500
Bahamas,2002,6400
Bahamas,2003,6300
Bahamas,2004,6300
Bahamas,2005,6300
Bahamas,2006,6400
Bahamas,2007,6400
Bahamas,2008,6400
Bahamas,2009,6300
Belarus,1990,60
Belarus,1991,60
Belarus,1992,60
Belarus,1993,60
Belarus,1994,60
Belarus,1995,160
Belarus,1996,350
Belarus,1997,350
Belarus,1998,600
Belarus,1999,1600
Belarus,2000,2900
Belarus,2001,4900
Belarus,2002,7500
Belarus,2003,10000
Belarus,2004,13000
Belarus,2005,15000
Belarus,2006,16000
Belarus,2007,17000
Belarus,2008,18000
Belarus,2009,19000
Belize,1990,600
Belize,1991,1100
Belize,1992,1300
Belize,1993,1600
Belize,1994,1800
Belize,1995,2000
Belize,1996,2300
Belize,1997,2500
Belize,1998,2700
Belize,1999,3000
Belize,2000,3200
Belize,2001,3400
Belize,2002,3500
Belize,2003,3700
Belize,2004,3900
Belize,2005,4000
Belize,2006,4100
Belize,2007,4200
Belize,2008,4400
Belize,2009,4500
Bolivia,1990,23000
Bolivia,1991,23000
Bolivia,1992,23000
Bolivia,1993,23000
Bolivia,1994,23000
Bolivia,1995,24000
Bolivia,1996,24000
Bolivia,1997,25000
Bolivia,1998,25000
Bolivia,1999,26000
Bolivia,2000,26000
Bolivia,2001,26000
Bolivia,2002,25000
Bolivia,2003,25000
Bolivia,2004,24000
Bolivia,2005,22000
Bolivia,2006,21000
Bolivia,2007,20000
Bolivia,2008,19000
Bolivia,2009,18000
Brazil,1990,190000
Brazil,1991,220000
Brazil,1992,260000
Brazil,1993,290000
Brazil,1994,320000
Brazil,1995,350000
Brazil,1996,370000
Brazil,1997,390000
Brazil,1998,410000
Brazil,1999,430000
Brazil,2000,440000
Brazil,2001,450000
Brazil,2002,460000
Brazil,2003,470000
Brazil,2004,480000
Brazil,2005,480000
Brazil,2006,480000
Brazil,2007,490000
Brazil,2008,490000
Brazil,2009,490000
Barbados,1990,600
Barbados,1991,600
Barbados,1992,600
Barbados,1993,600
Barbados,1994,600
Barbados,1995,600
Barbados,1996,1100
Barbados,1997,1100
Barbados,1998,1100
Barbados,1999,1200
Barbados,2000,1200
Barbados,2001,1200
Barbados,2002,1200
Barbados,2003,1200
Barbados,2004,1300
Barbados,2005,1300
Barbados,2006,1300
Barbados,2007,1300
Barbados,2008,1400
Barbados,2009,1400
Bhutan,1990,60
Bhutan,1991,60
Bhutan,1992,60
Bhutan,1993,60
Bhutan,1994,60
Bhutan,1995,60
Bhutan,1996,60
Bhutan,1997,60
Bhutan,1998,60
Bhutan,1999,60
Bhutan,2000,60
Bhutan,2001,60
Bhutan,2002,160
Bhutan,2003,160
Bhutan,2004,350
Bhutan,2005,350
Bhutan,2006,350
Bhutan,2007,600
Bhutan,2008,600
Bhutan,2009,600
Botswana,1990,41000
Botswana,1991,59000
Botswana,1992,79000
Botswana,1993,100000
Botswana,1994,130000
Botswana,1995,160000
Botswana,1996,180000
Botswana,1997,210000
Botswana,1998,230000
Botswana,1999,250000
Botswana,2000,260000
Botswana,2001,270000
Botswana,2002,270000
Botswana,2003,280000
Botswana,2004,280000
Botswana,2005,280000
Botswana,2006,280000
Botswana,2007,280000
Botswana,2008,290000
Botswana,2009,290000
Central African Republic,1990,130000
Central African Republic,1991,140000
Central African Republic,1992,150000
Central African Republic,1993,150000
Central African Republic,1994,160000
Central African Republic,1995,170000
Central African Republic,1996,170000
Central African Republic,1997,170000
Central African Republic,1998,180000
Central African Republic,1999,180000
Central African Republic,2000,170000
Central African Republic,2001,170000
Central African Republic,2002,170000
Central African Republic,2003,160000
Central African Republic,2004,160000
Central African Republic,2005,150000
Central African Republic,2006,150000
Central African Republic,2007,140000
Central African Republic,2008,140000
Central African Republic,2009,130000
Canada,1990,35000
Canada,1991,36000
Canada,1992,38000
Canada,1993,39000
Canada,1994,40000
Canada,1995,40000
Canada,1996,41000
Canada,1997,42000
Canada,1998,43000
Canada,1999,45000
Canada,2000,47000
Canada,2001,48000
Canada,2002,51000
Canada,2003,53000
Canada,2004,55000
Canada,2005,57000
Canada,2006,59000
Canada,2007,62000
Canada,2008,64000
Canada,2009,67000
Switzerland,1990,7900
Switzerland,1991,9000
Switzerland,1992,10000
Switzerland,1993,11000
Switzerland,1994,11000
Switzerland,1995,12000
Switzerland,1996,12000
Switzerland,1997,12000
Switzerland,1998,13000
Switzerland,1999,13000
Switzerland,2000,13000
Switzerland,2001,14000
Switzerland,2002,14000
Switzerland,2003,15000
Switzerland,2004,16000
Switzerland,2005,16000
Switzerland,2006,17000
Switzerland,2007,18000
Switzerland,2008,19000
Switzerland,2009,19000
Chile,1990,5300
Chile,1991,6700
Chile,1992,8700
Chile,1993,11000
Chile,1994,15000
Chile,1995,19000
Chile,1996,24000
Chile,1997,28000
Chile,1998,33000
Chile,1999,37000
Chile,2000,40000
Chile,2001,42000
Chile,2002,44000
Chile,2003,46000
Chile,2004,47000
Chile,2005,48000
Chile,2006,49000
Chile,2007,49000
Chile,2008,50000
Chile,2009,50000
Cote d'Ivoire,1990,350000
Cote d'Ivoire,1991,400000
Cote d'Ivoire,1992,440000
Cote d'Ivoire,1993,480000
Cote d'Ivoire,1994,520000
Cote d'Ivoire,1995,540000
Cote d'Ivoire,1996,570000
Cote d'Ivoire,1997,580000
Cote d'Ivoire,1998,590000
Cote d'Ivoire,1999,590000
Cote d'Ivoire,2000,580000
Cote d'Ivoire,2001,560000
Cote d'Ivoire,2002,540000
Cote d'Ivoire,2003,520000
Cote d'Ivoire,2004,490000
Cote d'Ivoire,2005,470000
Cote d'Ivoire,2006,440000
Cote d'Ivoire,2007,420000
Cote d'Ivoire,2008,400000
Cote d'Ivoire,2009,380000
Cameroon,1990,61000
Cameroon,1991,85000
Cameroon,1992,110000
Cameroon,1993,150000
Cameroon,1994,190000
Cameroon,1995,230000
Cameroon,1996,270000
Cameroon,1997,310000
Cameroon,1998,350000
Cameroon,1999,390000
Cameroon,2000,420000
Cameroon,2001,450000
Cameroon,2002,470000
Cameroon,2003,490000
Cameroon,2004,500000
Cameroon,2005,520000
Cameroon,2006,530000
Cameroon,2007,540000
Cameroon,2008,540000
Cameroon,2009,550000
"Congo, Rep.",1990,63000
"Congo, Rep.",1991,68000
"Congo, Rep.",1992,71000
"Congo, Rep.",1993,73000
"Congo, Rep.",1994,74000
"Congo, Rep.",1995,75000
"Congo, Rep.",1996,75000
"Congo, Rep.",1997,75000
"Congo, Rep.",1998,75000
"Congo, Rep.",1999,75000
"Congo, Rep.",2000,74000
"Congo, Rep.",2001,74000
"Congo, Rep.",2002,74000
"Congo, Rep.",2003,74000
"Congo, Rep.",2004,74000
"Congo, Rep.",2005,74000
"Congo, Rep.",2006,75000
"Congo, Rep.",2007,76000
"Congo, Rep.",2008,77000
"Congo, Rep.",2009,79000
Colombia,1990,47000
Colombia,1991,60000
Colombia,1992,72000
Colombia,1993,84000
Colombia,1994,93000
Colombia,1995,100000
Colombia,1996,110000
Colombia,1997,110000
Colombia,1998,120000
Colombia,1999,130000
Colombia,2000,130000
Colombia,2001,130000
Colombia,2002,140000
Colombia,2003,140000
Colombia,2004,140000
Colombia,2005,140000
Colombia,2006,150000
Colombia,2007,150000
Colombia,2008,150000
Colombia,2009,150000
Comoros,1990,60
Comoros,1991,60
Comoros,1992,60
Comoros,1993,60
Comoros,1994,60
Comoros,1995,60
Comoros,1996,60
Comoros,1997,60
Comoros,1998,60
Comoros,1999,60
Comoros,2000,60
Comoros,2001,60
Comoros,2002,60
Comoros,2003,160
Comoros,2004,160
Comoros,2005,160
Comoros,2006,160
Comoros,2007,160
Comoros,2008,350
Comoros,2009,350
Cape Verde,1990,1400
Cape Verde,1991,1600
Cape Verde,1992,1700
Cape Verde,1993,1800
Cape Verde,1994,1900
Cape Verde,1995,2100
Cape Verde,1996,2200
Cape Verde,1997,2300
Cape Verde,1998,2400
Cape Verde,1999,2500
Cape Verde,2000,2600
Cape Verde,2001,2700
Cape Verde,2002,2800
Cape Verde,2003,2900
Cape Verde,2004,3000
Cape Verde,2005,3000
Cape Verde,2006,3100
Cape Verde,2007,3200
Cape Verde,2008,3200
Cape Verde,2009,3200
Costa Rica,1990,1200
Costa Rica,1991,1400
Costa Rica,1992,1700
Costa Rica,1993,1900
Costa Rica,1994,2300
Costa Rica,1995,2600
Costa Rica,1996,2900
Costa Rica,1997,3300
Costa Rica,1998,3700
Costa Rica,1999,4100
Costa Rica,2000,4500
Costa Rica,2001,5000
Costa Rica,2002,5500
Costa Rica,2003,6000
Costa Rica,2004,6500
Costa Rica,2005,6900
Costa Rica,2006,7300
Costa Rica,2007,7700
Costa Rica,2008,8100
Costa Rica,2009,8400
Cuba,1990,1100
Cuba,1991,1200
Cuba,1992,1300
Cuba,1993,1400
Cuba,1994,1600
Cuba,1995,1800
Cuba,1996,2000
Cuba,1997,2200
Cuba,1998,2500
Cuba,1999,2800
Cuba,2000,3100
Cuba,2001,3600
Cuba,2002,4100
Cuba,2003,4700
Cuba,2004,5400
Cuba,2005,6200
Cuba,2006,7100
Cuba,2007,8100
Cuba,2008,9300
Cuba,2009,11000
Czech Republic,1990,160
Czech Republic,1991,350
Czech Republic,1992,350
Czech Republic,1993,350
Czech Republic,1994,600
Czech Republic,1995,600
Czech Republic,1996,600
Czech Republic,1997,600
Czech Republic,1998,1000
Czech Republic,1999,1100
Czech Republic,2000,1300
Czech Republic,2001,1400
Czech Republic,2002,1500
Czech Republic,2003,1600
Czech Republic,2004,1600
Czech Republic,2005,1700
Czech Republic,2006,1800
Czech Republic,2007,1800
Czech Republic,2008,1900
Czech Republic,2009,2000
Germany,1990,34000
Germany,1991,35000
Germany,1992,36000
Germany,1993,36000
Germany,1994,36000
Germany,1995,36000
Germany,1996,37000
Germany,1997,38000
Germany,1998,39000
Germany,1999,41000
Germany,2000,42000
Germany,2001,44000
Germany,2002,47000
Germany,2003,49000
Germany,2004,52000
Germany,2005,56000
Germany,2006,59000
Germany,2007,62000
Germany,2008,65000
Germany,2009,68000
Djibouti,1990,1800
Djibouti,1991,2700
Djibouti,1992,3900
Djibouti,1993,5100
Djibouti,1994,6400
Djibouti,1995,7700
Djibouti,1996,8900
Djibouti,1997,10000
Djibouti,1998,11000
Djibouti,1999,12000
Djibouti,2000,12000
Djibouti,2001,12000
Djibouti,2002,12000
Djibouti,2003,12000
Djibouti,2004,11000
Djibouti,2005,11000
Djibouti,2006,11000
Djibouti,2007,10000
Djibouti,2008,10000
Djibouti,2009,9700
Dominican Republic,1990,16000
Dominican Republic,1991,21000
Dominican Republic,1992,27000
Dominican Republic,1993,32000
Dominican Republic,1994,36000
Dominican Republic,1995,41000
Dominican Republic,1996,44000
Dominican Republic,1997,47000
Dominican Republic,1998,49000
Dominican Republic,1999,50000
Dominican Republic,2000,51000
Dominican Republic,2001,52000
Dominican Republic,2002,52000
Dominican Republic,2003,51000
Dominican Republic,2004,50000
Dominican Republic,2005,49000
Dominican Republic,2006,48000
Dominican Republic,2007,47000
Dominican Republic,2008,46000
Dominican Republic,2009,45000
Ecuador,1990,12000
Ecuador,1991,13000
Ecuador,1992,15000
Ecuador,1993,16000
Ecuador,1994,18000
Ecuador,1995,20000
Ecuador,1996,22000
Ecuador,1997,24000
Ecuador,1998,26000
Ecuador,1999,28000
Ecuador,2000,30000
Ecuador,2001,32000
Ecuador,2002,33000
Ecuador,2003,34000
Ecuador,2004,34000
Ecuador,2005,35000
Ecuador,2006,35000
Ecuador,2007,35000
Ecuador,2008,34000
Ecuador,2009,34000
Egypt,1990,600
Egypt,1991,600
Egypt,1992,600
Egypt,1993,1200
Egypt,1994,1700
Egypt,1995,2300
Egypt,1996,3100
Egypt,1997,4300
Egypt,1998,5700
Egypt,1999,7300
Egypt,2000,8400
Egypt,2001,9100
Egypt,2002,9300
Egypt,2003,9100
Egypt,2004,8800
Egypt,2005,8400
Egypt,2006,8100
Egypt,2007,8000
Egypt,2008,8000
Egypt,2009,8300
Eritrea,1990,2500
Eritrea,1991,3200
Eritrea,1992,4200
Eritrea,1993,6000
Eritrea,1994,8800
Eritrea,1995,12000
Eritrea,1996,16000
Eritrea,1997,18000
Eritrea,1998,20000
Eritrea,1999,21000
Eritrea,2000,22000
Eritrea,2001,23000
Eritrea,2002,24000
Eritrea,2003,24000
Eritrea,2004,24000
Eritrea,2005,24000
Eritrea,2006,24000
Eritrea,2007,24000
Eritrea,2008,24000
Eritrea,2009,23000
Spain,1990,84000
Spain,1991,94000
Spain,1992,100000
Spain,1993,110000
Spain,1994,110000
Spain,1995,110000
Spain,1996,110000
Spain,1997,110000
Spain,1998,120000
Spain,1999,120000
Spain,2000,120000
Spain,2001,120000
Spain,2002,120000
Spain,2003,130000
Spain,2004,130000
Spain,2005,130000
Spain,2006,130000
Spain,2007,140000
Spain,2008,140000
Spain,2009,140000
Estonia,1990,60
Estonia,1991,160
Estonia,1992,350
Estonia,1993,350
Estonia,1994,350
Estonia,1995,600
Estonia,1996,600
Estonia,1997,1400
Estonia,1998,1900
Estonia,1999,2700
Estonia,2000,3600
Estonia,2001,4700
Estonia,2002,5700
Estonia,2003,6700
Estonia,2004,7500
Estonia,2005,8100
Estonia,2006,8600
Estonia,2007,9000
Estonia,2008,9300
Estonia,2009,9500
Ethiopia,1990,330000
Ethiopia,1991,430000
Ethiopia,1992,550000
Ethiopia,1993,670000
Ethiopia,1994,790000
Ethiopia,1995,910000
Ethiopia,1996,1000000
Ethiopia,1997,1100000
Ethiopia,1998,1200000
Ethiopia,1999,1200000
Ethiopia,2000,1300000
Ethiopia,2001,1300000
Ethiopia,2002,1300000
Ethiopia,2003,1200000
Ethiopia,2004,1200000
Ethiopia,2005,1100000
Ethiopia,2006,1100000
Ethiopia,2007,990000
Ethiopia,2008,930000
Ethiopia,2009,870000
Finland,1990,600
Finland,1991,600
Finland,1992,600
Finland,1993,600
Finland,1994,600
Finland,1995,1000
Finland,1996,1100
Finland,1997,1200
Finland,1998,1300
Finland,1999,1500
Finland,2000,1600
Finland,2001,1700
Finland,2002,1800
Finland,2003,2000
Finland,2004,2100
Finland,2005,2200
Finland,2006,2300
Finland,2007,2400
Finland,2008,2600
Finland,2009,2700
Fiji,1990,60
Fiji,1991,60
Fiji,1992,60
Fiji,1993,60
Fiji,1994,60
Fiji,1995,60
Fiji,1996,60
Fiji,1997,60
Fiji,1998,60
Fiji,1999,60
Fiji,2000,60
Fiji,2001,60
Fiji,2002,60
Fiji,2003,60
Fiji,2004,60
Fiji,2005,60
Fiji,2006,160
Fiji,2007,160
Fiji,2008,160
Fiji,2009,160
France,1990,100000
France,1991,98000
France,1992,97000
France,1993,96000
France,1994,96000
France,1995,96000
France,1996,98000
France,1997,100000
France,1998,110000
France,1999,110000
France,2000,120000
France,2001,120000
France,2002,120000
France,2003,130000
France,2004,130000
France,2005,130000
France,2006,140000
France,2007,140000
France,2008,150000
France,2009,150000
Gabon,1990,5500
Gabon,1991,6900
Gabon,1992,8700
Gabon,1993,11000
Gabon,1994,13000
Gabon,1995,16000
Gabon,1996,19000
Gabon,1997,22000
Gabon,1998,26000
Gabon,1999,29000
Gabon,2000,32000
Gabon,2001,35000
Gabon,2002,38000
Gabon,2003,39000
Gabon,2004,41000
Gabon,2005,42000
Gabon,2006,43000
Gabon,2007,44000
Gabon,2008,45000
Gabon,2009,45000
United Kingdom,1990,23000
United Kingdom,1991,24000
United Kingdom,1992,25000
United Kingdom,1993,26000
United Kingdom,1994,27000
United Kingdom,1995,28000
United Kingdom,1996,29000
United Kingdom,1997,32000
United Kingdom,1998,35000
United Kingdom,1999,38000
United Kingdom,2000,42000
United Kingdom,2001,46000
United Kingdom,2002,54000
United Kingdom,2003,58000
United Kingdom,2004,64000
United Kingdom,2005,70000
United Kingdom,2006,76000
United Kingdom,2007,81000
United Kingdom,2008,86000
United Kingdom,2009,89000
Georgia,1990,350
Georgia,1991,350
Georgia,1992,350
Georgia,1993,350
Georgia,1994,350
Georgia,1995,350
Georgia,1996,600
Georgia,1997,600
Georgia,1998,600
Georgia,1999,600
Georgia,2000,600
Georgia,2001,1100
Georgia,2002,1300
Georgia,2003,1500
Georgia,2004,1800
Georgia,2005,2000
Georgia,2006,2400
Georgia,2007,2800
Georgia,2008,3200
Georgia,2009,3700
Ghana,1990,81000
Ghana,1991,98000
Ghana,1992,120000
Ghana,1993,130000
Ghana,1994,150000
Ghana,1995,170000
Ghana,1996,190000
Ghana,1997,200000
Ghana,1998,220000
Ghana,1999,230000
Ghana,2000,240000
Ghana,2001,250000
Ghana,2002,250000
Ghana,2003,260000
Ghana,2004,260000
Ghana,2005,250000
Ghana,2006,250000
Ghana,2007,250000
Ghana,2008,240000
Ghana,2009,240000
Guinea,1990,23000
Guinea,1991,27000
Guinea,1992,32000
Guinea,1993,38000
Guinea,1994,43000
Guinea,1995,48000
Guinea,1996,53000
Guinea,1997,58000
Guinea,1998,62000
Guinea,1999,66000
Guinea,2000,69000
Guinea,2001,72000
Guinea,2002,75000
Guinea,2003,77000
Guinea,2004,78000
Guinea,2005,80000
Guinea,2006,81000
Guinea,2007,82000
Guinea,2008,83000
Guinea,2009,83000
Gambia,1990,600
Gambia,1991,600
Gambia,1992,1000
Gambia,1993,1200
Gambia,1994,1500
Gambia,1995,1900
Gambia,1996,2300
Gambia,1997,2800
Gambia,1998,3300
Gambia,1999,4000
Gambia,2000,4800
Gambia,2001,5700
Gambia,2002,6700
Gambia,2003,7700
Gambia,2004,8800
Gambia,2005,9800
Gambia,2006,11000
Gambia,2007,11000
Gambia,2008,12000
Gambia,2009,13000
Guinea-Bissau,1990,1500
Guinea-Bissau,1991,1800
Guinea-Bissau,1992,2200
Guinea-Bissau,1993,2700
Guinea-Bissau,1994,3300
Guinea-Bissau,1995,3900
Guinea-Bissau,1996,4700
Guinea-Bissau,1997,5500
Guinea-Bissau,1998,6500
Guinea-Bissau,1999,7500
Guinea-Bissau,2000,8600
Guinea-Bissau,2001,9800
Guinea-Bissau,2002,11000
Guinea-Bissau,2003,12000
Guinea-Bissau,2004,14000
Guinea-Bissau,2005,15000
Guinea-Bissau,2006,16000
Guinea-Bissau,2007,17000
Guinea-Bissau,2008,19000
Guinea-Bissau,2009,20000
Equatorial Guinea,1990,2000
Equatorial Guinea,1991,2300
Equatorial Guinea,1992,2700
Equatorial Guinea,1993,3000
Equatorial Guinea,1994,3400
Equatorial Guinea,1995,3900
Equatorial Guinea,1996,4400
Equatorial Guinea,1997,4900
Equatorial Guinea,1998,5500
Equatorial Guinea,1999,6200
Equatorial Guinea,2000,7000
Equatorial Guinea,2001,7900
Equatorial Guinea,2002,8800
Equatorial Guinea,2003,9800
Equatorial Guinea,2004,11000
Equatorial Guinea,2005,12000
Equatorial Guinea,2006,13000
Equatorial Guinea,2007,14000
Equatorial Guinea,2008,16000
Equatorial Guinea,2009,17000
Greece,1990,5500
Greece,1991,5700
Greece,1992,6000
Greece,1993,6100
Greece,1994,6300
Greece,1995,6400
Greece,1996,6600
Greece,1997,6900
Greece,1998,7300
Greece,1999,7700
Greece,2000,8100
Greece,2001,8500
Greece,2002,8800
Greece,2003,9100
Greece,2004,9300
Greece,2005,9500
Greece,2006,9700
Greece,2007,9900
Greece,2008,10000
Greece,2009,10000
Guatemala,1990,5400
Guatemala,1991,6800
Guatemala,1992,8500
Guatemala,1993,10000
Guatemala,1994,13000
Guatemala,1995,15000
Guatemala,1996,17000
Guatemala,1997,20000
Guatemala,1998,22000
Guatemala,1999,24000
Guatemala,2000,26000
Guatemala,2001,28000
Guatemala,2002,29000
Guatemala,2003,31000
Guatemala,2004,34000
Guatemala,2005,36000
Guatemala,2006,39000
Guatemala,2007,43000
Guatemala,2008,47000
Guatemala,2009,52000
Guyana,1990,2700
Guyana,1991,3300
Guyana,1992,4000
Guyana,1993,4700
Guyana,1994,5500
Guyana,1995,6300
Guyana,1996,7100
Guyana,1997,7800
Guyana,1998,8400
Guyana,1999,8700
Guyana,2000,8900
Guyana,2001,8900
Guyana,2002,8700
Guyana,2003,8500
Guyana,2004,8100
Guyana,2005,7800
Guyana,2006,7400
Guyana,2007,7200
Guyana,2008,6900
Guyana,2009,6600
Honduras,1990,35000
Honduras,1991,49000
Honduras,1992,61000
Honduras,1993,71000
Honduras,1994,77000
Honduras,1995,81000
Honduras,1996,81000
Honduras,1997,80000
Honduras,1998,77000
Honduras,1999,73000
Honduras,2000,69000
Honduras,2001,64000
Honduras,2002,59000
Honduras,2003,55000
Honduras,2004,50000
Honduras,2005,47000
Honduras,2006,44000
Honduras,2007,41000
Honduras,2008,38000
Honduras,2009,36000
Croatia,1990,160
Croatia,1991,160
Croatia,1992,160
Croatia,1993,350
Croatia,1994,350
Croatia,1995,350
Croatia,1996,350
Croatia,1997,350
Croatia,1998,600
Croatia,1999,600
Croatia,2000,600
Croatia,2001,600
Croatia,2002,600
Croatia,2003,600
Croatia,2004,600
Croatia,2005,600
Croatia,2006,600
Croatia,2007,600
Croatia,2008,1000
Croatia,2009,1100
Haiti,1990,100000
Haiti,1991,110000
Haiti,1992,120000
Haiti,1993,130000
Haiti,1994,130000
Haiti,1995,130000
Haiti,1996,130000
Haiti,1997,130000
Haiti,1998,130000
Haiti,1999,130000
Haiti,2000,130000
Haiti,2001,130000
Haiti,2002,130000
Haiti,2003,130000
Haiti,2004,120000
Haiti,2005,120000
Haiti,2006,120000
Haiti,2007,120000
Haiti,2008,120000
Haiti,2009,120000
Hungary,1990,5500
Hungary,1991,5300
Hungary,1992,5000
Hungary,1993,4700
Hungary,1994,4400
Hungary,1995,4100
Hungary,1996,3900
Hungary,1997,3700
Hungary,1998,3600
Hungary,1999,3500
Hungary,2000,3400
Hungary,2001,3400
Hungary,2002,3400
Hungary,2003,3400
Hungary,2004,3400
Hungary,2005,3500
Hungary,2006,3500
Hungary,2007,3600
Hungary,2008,3700
Hungary,2009,3800
Indonesia,1990,60
Indonesia,1991,60
Indonesia,1992,60
Indonesia,1993,60
Indonesia,1994,160
Indonesia,1995,350
Indonesia,1996,600
Indonesia,1997,1000
Indonesia,1998,1900
Indonesia,1999,3500
Indonesia,2000,6100
Indonesia,2001,12000
Indonesia,2002,26000
Indonesia,2003,57000
Indonesia,2004,100000
Indonesia,2005,140000
Indonesia,2006,180000
Indonesia,2007,220000
Indonesia,2008,260000
Indonesia,2009,300000
India,1990,250000
India,1991,380000
India,1992,550000
India,1993,770000
India,1994,1000000
India,1995,1300000
India,1996,1600000
India,1997,1800000
India,1998,2000000
India,1999,2300000
India,2000,2400000
India,2001,2500000
India,2002,2600000
India,2003,2600000
India,2004,2600000
India,2005,2580000
India,2006,2540000
India,2007,2490000
India,2008,2440000
India,2009,2400000
Ireland,1990,600
Ireland,1991,600
Ireland,1992,1100
Ireland,1993,1400
Ireland,1994,1800
Ireland,1995,2200
Ireland,1996,2700
Ireland,1997,3100
Ireland,1998,3600
Ireland,1999,4000
Ireland,2000,4400
Ireland,2001,4800
Ireland,2002,5100
Ireland,2003,5500
Ireland,2004,5800
Ireland,2005,6100
Ireland,2006,6400
Ireland,2007,6700
Ireland,2008,7000
Ireland,2009,7300
Iran,1990,2800
Iran,1991,3600
Iran,1992,4800
Iran,1993,6900
Iran,1994,10000
Iran,1995,15000
Iran,1996,22000
Iran,1997,29000
Iran,1998,37000
Iran,1999,44000
Iran,2000,51000
Iran,2001,56000
Iran,2002,61000
Iran,2003,66000
Iran,2004,71000
Iran,2005,75000
Iran,2006,78000
Iran,2007,82000
Iran,2008,85000
Iran,2009,89000
Iceland,1990,60
Iceland,1991,60
Iceland,1992,60
Iceland,1993,160
Iceland,1994,160
Iceland,1995,160
Iceland,1996,160
Iceland,1997,350
Iceland,1998,350
Iceland,1999,350
Iceland,2000,350
Iceland,2001,350
Iceland,2002,350
Iceland,2003,350
Iceland,2004,350
Iceland,2005,350
Iceland,2006,350
Iceland,2007,350
Iceland,2008,350
Iceland,2009,350
Israel,1990,1200
Israel,1991,1500
Israel,1992,2000
Israel,1993,2400
Israel,1994,2900
Israel,1995,3300
Israel,1996,3700
Israel,1997,4100
Israel,1998,4500
Israel,1999,4900
Israel,2000,5200
Israel,2001,5500
Israel,2002,5800
Israel,2003,6100
Israel,2004,6400
Israel,2005,6700
Israel,2006,7000
Israel,2007,7400
Israel,2008,7700
Israel,2009,8000
Italy,1990,110000
Italy,1991,110000
Italy,1992,110000
Italy,1993,110000
Italy,1994,110000
Italy,1995,120000
Italy,1996,120000
Italy,1997,120000
Italy,1998,120000
Italy,1999,130000
Italy,2000,130000
Italy,2001,130000
Italy,2002,130000
Italy,2003,130000
Italy,2004,130000
Italy,2005,140000
Italy,2006,140000
Italy,2007,140000
Italy,2008,140000
Italy,2009,150000
Jamaica,1990,12000
Jamaica,1991,16000
Jamaica,1992,20000
Jamaica,1993,24000
Jamaica,1994,28000
Jamaica,1995,32000
Jamaica,1996,34000
Jamaica,1997,36000
Jamaica,1998,37000
Jamaica,1999,37000
Jamaica,2000,37000
Jamaica,2001,36000
Jamaica,2002,35000
Jamaica,2003,35000
Jamaica,2004,34000
Jamaica,2005,33000
Jamaica,2006,32000
Jamaica,2007,31000
Jamaica,2008,31000
Jamaica,2009,30000
Japan,1990,5300
Japan,1991,5400
Japan,1992,5500
Japan,1993,5600
Japan,1994,5600
Japan,1995,5700
Japan,1996,5800
Japan,1997,5900
Japan,1998,5900
Japan,1999,6000
Japan,2000,6100
Japan,2001,6200
Japan,2002,6300
Japan,2003,6400
Japan,2004,6600
Japan,2005,6800
Japan,2006,7000
Japan,2007,7100
Japan,2008,7400
Japan,2009,7500
Kazakhstan,1990,160
Kazakhstan,1991,160
Kazakhstan,1992,350
Kazakhstan,1993,350
Kazakhstan,1994,600
Kazakhstan,1995,1600
Kazakhstan,1996,3300
Kazakhstan,1997,4800
Kazakhstan,1998,6000
Kazakhstan,1999,7100
Kazakhstan,2000,8200
Kazakhstan,2001,9200
Kazakhstan,2002,9900
Kazakhstan,2003,11000
Kazakhstan,2004,11000
Kazakhstan,2005,12000
Kazakhstan,2006,13000
Kazakhstan,2007,14000
Kazakhstan,2008,15000
Kazakhstan,2009,16000
Kenya,1990,280000
Kenya,1991,450000
Kenya,1992,660000
Kenya,1993,910000
Kenya,1994,1100000
Kenya,1995,1300000
Kenya,1996,1500000
Kenya,1997,1600000
Kenya,1998,1600000
Kenya,1999,1600000
Kenya,2000,1600000
Kenya,2001,1600000
Kenya,2002,1600000
Kenya,2003,1600000
Kenya,2004,1500000
Kenya,2005,1500000
Kenya,2006,1500000
Kenya,2007,1500000
Kenya,2008,1500000
Kenya,2009,1600000
Kyrgyz Republic,1990,60
Kyrgyz Republic,1991,60
Kyrgyz Republic,1992,60
Kyrgyz Republic,1993,60
Kyrgyz Republic,1994,60
Kyrgyz Republic,1995,160
Kyrgyz Republic,1996,160
Kyrgyz Republic,1997,160
Kyrgyz Republic,1998,350
Kyrgyz Republic,1999,350
Kyrgyz Republic,2000,350
Kyrgyz Republic,2001,600
Kyrgyz Republic,2002,600
Kyrgyz Republic,2003,1200
Kyrgyz Republic,2004,1700
Kyrgyz Republic,2005,2400
Kyrgyz Republic,2006,3200
Kyrgyz Republic,2007,4300
Kyrgyz Republic,2008,5700
Kyrgyz Republic,2009,7500
Cambodia,1990,23000
Cambodia,1991,34000
Cambodia,1992,45000
Cambodia,1993,56000
Cambodia,1994,66000
Cambodia,1995,74000
Cambodia,1996,80000
Cambodia,1997,83000
Cambodia,1998,86000
Cambodia,1999,87000
Cambodia,2000,87000
Cambodia,2001,85000
Cambodia,2002,82000
Cambodia,2003,79000
Cambodia,2004,75000
Cambodia,2005,71000
Cambodia,2006,69000
Cambodia,2007,67000
Cambodia,2008,66000
Cambodia,2009,65000
South Korea,1990,2600
South Korea,1991,2700
South Korea,1992,2900
South Korea,1993,3000
South Korea,1994,3100
South Korea,1995,3200
South Korea,1996,3300
South Korea,1997,3400
South Korea,1998,3600
South Korea,1999,3900
South Korea,2000,5600
South Korea,2001,7200
South Korea,2002,8600
South Korea,2003,9900
South Korea,2004,11000
South Korea,2005,12000
South Korea,2006,13000
South Korea,2007,13000
South Korea,2008,14000
South Korea,2009,15000
Lao,1990,60
Lao,1991,160
Lao,1992,160
Lao,1993,350
Lao,1994,600
Lao,1995,600
Lao,1996,600
Lao,1997,1300
Lao,1998,1700
Lao,1999,2200
Lao,2000,2700
Lao,2001,3200
Lao,2002,3800
Lao,2003,4300
Lao,2004,5000
Lao,2005,5700
Lao,2006,6400
Lao,2007,7200
Lao,2008,8000
Lao,2009,8800
Lebanon,1990,350
Lebanon,1991,350
Lebanon,1992,350
Lebanon,1993,600
Lebanon,1994,600
Lebanon,1995,600
Lebanon,1996,600
Lebanon,1997,600
Lebanon,1998,1000
Lebanon,1999,1200
Lebanon,2000,1300
Lebanon,2001,1500
Lebanon,2002,1600
Lebanon,2003,1800
Lebanon,2004,2000
Lebanon,2005,2100
Lebanon,2006,2300
Lebanon,2007,2400
Lebanon,2008,2500
Lebanon,2009,2600
Liberia,1990,6900
Liberia,1991,8800
Liberia,1992,11000
Liberia,1993,13000
Liberia,1994,16000
Liberia,1995,19000
Liberia,1996,23000
Liberia,1997,27000
Liberia,1998,31000
Liberia,1999,35000
Liberia,2000,37000
Liberia,2001,39000
Liberia,2002,39000
Liberia,2003,39000
Liberia,2004,38000
Liberia,2005,37000
Liberia,2006,35000
Liberia,2007,33000
Liberia,2008,31000
Liberia,2009,29000
Sri Lanka,1990,350
Sri Lanka,1991,600
Sri Lanka,1992,600
Sri Lanka,1993,600
Sri Lanka,1994,600
Sri Lanka,1995,600
Sri Lanka,1996,1100
Sri Lanka,1997,1200
Sri Lanka,1998,1400
Sri Lanka,1999,1500
Sri Lanka,2000,1700
Sri Lanka,2001,1900
Sri Lanka,2002,2100
Sri Lanka,2003,2400
Sri Lanka,2004,2600
Sri Lanka,2005,2800
Sri Lanka,2006,3000
Sri Lanka,2007,3300
Sri Lanka,2008,3500
Sri Lanka,2009,3700
Lesotho,1990,6000
Lesotho,1991,12000
Lesotho,1992,23000
Lesotho,1993,42000
Lesotho,1994,72000
Lesotho,1995,110000
Lesotho,1996,150000
Lesotho,1997,190000
Lesotho,1998,210000
Lesotho,1999,230000
Lesotho,2000,250000
Lesotho,2001,250000
Lesotho,2002,260000
Lesotho,2003,270000
Lesotho,2004,270000
Lesotho,2005,270000
Lesotho,2006,280000
Lesotho,2007,290000
Lesotho,2008,290000
Lesotho,2009,300000
Lithuania,1990,160
Lithuania,1991,160
Lithuania,1992,160
Lithuania,1993,350
Lithuania,1994,350
Lithuania,1995,350
Lithuania,1996,350
Lithuania,1997,350
Lithuania,1998,600
Lithuania,1999,600
Lithuania,2000,600
Lithuania,2001,600
Lithuania,2002,600
Lithuania,2003,1000
Lithuania,2004,1100
Lithuania,2005,1200
Lithuania,2006,1300
Lithuania,2007,1300
Lithuania,2008,1400
Lithuania,2009,1400
Luxembourg,1990,160
Luxembourg,1991,160
Luxembourg,1992,160
Luxembourg,1993,350
Luxembourg,1994,350
Luxembourg,1995,350
Luxembourg,1996,350
Luxembourg,1997,350
Luxembourg,1998,350
Luxembourg,1999,600
Luxembourg,2000,600
Luxembourg,2001,600
Luxembourg,2002,600
Luxembourg,2003,600
Luxembourg,2004,600
Luxembourg,2005,600
Luxembourg,2006,600
Luxembourg,2007,600
Luxembourg,2008,600
Luxembourg,2009,600
Latvia,1990,350
Latvia,1991,600
Latvia,1992,600
Latvia,1993,600
Latvia,1994,1100
Latvia,1995,1300
Latvia,1996,1700
Latvia,1997,2200
Latvia,1998,2700
Latvia,1999,3300
Latvia,2000,4100
Latvia,2001,4900
Latvia,2002,5700
Latvia,2003,6500
Latvia,2004,7200
Latvia,2005,7800
Latvia,2006,8300
Latvia,2007,8600
Latvia,2008,8900
Latvia,2009,9000
Morocco,1990,1400
Morocco,1991,1800
Morocco,1992,2200
Morocco,1993,2800
Morocco,1994,3400
Morocco,1995,4100
Morocco,1996,5000
Morocco,1997,6100
Morocco,1998,7300
Morocco,1999,8600
Morocco,2000,10000
Morocco,2001,12000
Morocco,2002,13000
Morocco,2003,15000
Morocco,2004,17000
Morocco,2005,19000
Morocco,2006,21000
Morocco,2007,23000
Morocco,2008,25000
Morocco,2009,27000
Moldova,1990,600
Moldova,1991,600
Moldova,1992,600
Moldova,1993,1100
Moldova,1994,1400
Moldova,1995,1900
Moldova,1996,3400
Moldova,1997,6900
Moldova,1998,9500
Moldova,1999,11000
Moldova,2000,11000
Moldova,2001,11000
Moldova,2002,11000
Moldova,2003,11000
Moldova,2004,12000
Moldova,2005,12000
Moldova,2006,12000
Moldova,2007,12000
Moldova,2008,13000
Moldova,2009,13000
Madagascar,1990,7100
Madagascar,1991,8200
Madagascar,1992,9500
Madagascar,1993,11000
Madagascar,1994,12000
Madagascar,1995,14000
Madagascar,1996,15000
Madagascar,1997,17000
Madagascar,1998,18000
Madagascar,1999,20000
Madagascar,2000,21000
Madagascar,2001,22000
Madagascar,2002,23000
Madagascar,2003,25000
Madagascar,2004,26000
Madagascar,2005,27000
Madagascar,2006,28000
Madagascar,2007,29000
Madagascar,2008,30000
Madagascar,2009,31000
Maldives,1990,60
Maldives,1991,60
Maldives,1992,60
Maldives,1993,60
Maldives,1994,60
Maldives,1995,60
Maldives,1996,60
Maldives,1997,60
Maldives,1998,60
Maldives,1999,60
Maldives,2000,60
Maldives,2001,60
Maldives,2002,60
Maldives,2003,60
Maldives,2004,60
Maldives,2005,60
Maldives,2006,60
Maldives,2007,60
Maldives,2008,60
Maldives,2009,60
Mexico,1990,93000
Mexico,1991,99000
Mexico,1992,100000
Mexico,1993,110000
Mexico,1994,110000
Mexico,1995,120000
Mexico,1996,120000
Mexico,1997,130000
Mexico,1998,130000
Mexico,1999,140000
Mexico,2000,140000
Mexico,2001,140000
Mexico,2002,150000
Mexico,2003,150000
Mexico,2004,150000
Mexico,2005,160000
Mexico,2006,160000
Mexico,2007,160000
Mexico,2008,170000
Mexico,2009,170000
Mali,1990,49000
Mali,1991,56000
Mali,1992,64000
Mali,1993,72000
Mali,1994,79000
Mali,1995,85000
Mali,1996,91000
Mali,1997,96000
Mali,1998,100000
Mali,1999,100000
Mali,2000,110000
Mali,2001,110000
Mali,2002,110000
Mali,2003,110000
Mali,2004,110000
Mali,2005,110000
Mali,2006,110000
Mali,2007,100000
Mali,2008,100000
Mali,2009,110000
Malta,1990,60
Malta,1991,60
Malta,1992,60
Malta,1993,60
Malta,1994,160
Malta,1995,160
Malta,1996,160
Malta,1997,160
Malta,1998,160
Malta,1999,160
Malta,2000,350
Malta,2001,350
Malta,2002,350
Malta,2003,350
Malta,2004,350
Malta,2005,350
Malta,2006,350
Malta,2007,350
Malta,2008,350
Malta,2009,350
Myanmar,1990,34000
Myanmar,1991,47000
Myanmar,1992,59000
Myanmar,1993,73000
Myanmar,1994,87000
Myanmar,1995,100000
Myanmar,1996,120000
Myanmar,1997,140000
Myanmar,1998,160000
Myanmar,1999,190000
Myanmar,2000,210000
Myanmar,2001,230000
Myanmar,2002,240000
Myanmar,2003,250000
Myanmar,2004,250000
Myanmar,2005,260000
Myanmar,2006,250000
Myanmar,2007,250000
Myanmar,2008,240000
Myanmar,2009,240000
Mongolia,1990,60
Mongolia,1991,60
Mongolia,1992,60
Mongolia,1993,60
Mongolia,1994,60
Mongolia,1995,60
Mongolia,1996,60
Mongolia,1997,60
Mongolia,1998,60
Mongolia,1999,60
Mongolia,2000,60
Mongolia,2001,60
Mongolia,2002,60
Mongolia,2003,60
Mongolia,2004,60
Mongolia,2005,160
Mongolia,2006,160
Mongolia,2007,350
Mongolia,2008,350
Mongolia,2009,350
Mozambique,1990,24000
Mozambique,1991,47000
Mozambique,1992,90000
Mozambique,1993,160000
Mozambique,1994,250000
Mozambique,1995,340000
Mozambique,1996,430000
Mozambique,1997,510000
Mozambique,1998,590000
Mozambique,1999,670000
Mozambique,2000,760000
Mozambique,2001,850000
Mozambique,2002,930000
Mozambique,2003,1000000
Mozambique,2004,1100000
Mozambique,2005,1100000
Mozambique,2006,1200000
Mozambique,2007,1200000
Mozambique,2008,1300000
Mozambique,2009,1300000
Mauritania,1990,3500
Mauritania,1991,4000
Mauritania,1992,4500
Mauritania,1993,5100
Mauritania,1994,5700
Mauritania,1995,6300
Mauritania,1996,6900
Mauritania,1997,7500
Mauritania,1998,8100
Mauritania,1999,8700
Mauritania,2000,9400
Mauritania,2001,10000
Mauritania,2002,11000
Mauritania,2003,12000
Mauritania,2004,12000
Mauritania,2005,13000
Mauritania,2006,15000
Mauritania,2007,16000
Mauritania,2008,18000
Mauritania,2009,20000
Mauritius,1990,350
Mauritius,1991,350
Mauritius,1992,600
Mauritius,1993,600
Mauritius,1994,1300
Mauritius,1995,1800
Mauritius,1996,2400
Mauritius,1997,3100
Mauritius,1998,3900
Mauritius,1999,4800
Mauritius,2000,5700
Mauritius,2001,6600
Mauritius,2002,7300
Mauritius,2003,7800
Mauritius,2004,8200
Mauritius,2005,8400
Mauritius,2006,8400
Mauritius,2007,8300
Mauritius,2008,8100
Mauritius,2009,7900
Malawi,1990,360000
Malawi,1991,420000
Malawi,1992,480000
Malawi,1993,530000
Malawi,1994,570000
Malawi,1995,610000
Malawi,1996,660000
Malawi,1997,700000
Malawi,1998,750000
Malawi,1999,790000
Malawi,2000,830000
Malawi,2001,860000
Malawi,2002,890000
Malawi,2003,910000
Malawi,2004,920000
Malawi,2005,930000
Malawi,2006,930000
Malawi,2007,930000
Malawi,2008,920000
Malawi,2009,920000
Malaysia,1990,11000
Malaysia,1991,16000
Malaysia,1992,21000
Malaysia,1993,26000
Malaysia,1994,31000
Malaysia,1995,36000
Malaysia,1996,42000
Malaysia,1997,46000
Malaysia,1998,50000
Malaysia,1999,52000
Malaysia,2000,55000
Malaysia,2001,58000
Malaysia,2002,61000
Malaysia,2003,63000
Malaysia,2004,67000
Malaysia,2005,70000
Malaysia,2006,73000
Malaysia,2007,76000
Malaysia,2008,78000
Malaysia,2009,80000
Namibia,1990,12000
Namibia,1991,17000
Namibia,1992,24000
Namibia,1993,32000
Namibia,1994,44000
Namibia,1995,59000
Namibia,1996,77000
Namibia,1997,97000
Namibia,1998,120000
Namibia,1999,130000
Namibia,2000,150000
Namibia,2001,160000
Namibia,2002,170000
Namibia,2003,180000
Namibia,2004,180000
Namibia,2005,180000
Namibia,2006,180000
Namibia,2007,180000
Namibia,2008,180000
Namibia,2009,190000
Niger,1990,14000
Niger,1991,16000
Niger,1992,18000
Niger,1993,21000
Niger,1994,24000
Niger,1995,27000
Niger,1996,30000
Niger,1997,33000
Niger,1998,36000
Niger,1999,39000
Niger,2000,42000
Niger,2001,45000
Niger,2002,47000
Niger,2003,49000
Niger,2004,51000
Niger,2005,53000
Niger,2006,55000
Niger,2007,57000
Niger,2008,59000
Niger,2009,61000
Nigeria,1990,230000
Nigeria,1991,360000
Nigeria,1992,530000
Nigeria,1993,740000
Nigeria,1994,980000
Nigeria,1995,1200000
Nigeria,1996,1500000
Nigeria,1997,1800000
Nigeria,1998,2000000
Nigeria,1999,2200000
Nigeria,2000,2400000
Nigeria,2001,2500000
Nigeria,2002,2600000
Nigeria,2003,2700000
Nigeria,2004,2800000
Nigeria,2005,2800000
Nigeria,2006,2900000
Nigeria,2007,3000000
Nigeria,2008,3100000
Nigeria,2009,3200000
Nicaragua,1990,600
Nicaragua,1991,600
Nicaragua,1992,600
Nicaragua,1993,600
Nicaragua,1994,600
Nicaragua,1995,1100
Nicaragua,1996,1200
Nicaragua,1997,1400
Nicaragua,1998,1500
Nicaragua,1999,1700
Nicaragua,2000,2000
Nicaragua,2001,2200
Nicaragua,2002,2500
Nicaragua,2003,2900
Nicaragua,2004,3200
Nicaragua,2005,3700
Nicaragua,2006,4100
Nicaragua,2007,4700
Nicaragua,2008,5300
Nicaragua,2009,6000
Netherlands,1990,6700
Netherlands,1991,8400
Netherlands,1992,10000
Netherlands,1993,12000
Netherlands,1994,13000
Netherlands,1995,14000
Netherlands,1996,15000
Netherlands,1997,16000
Netherlands,1998,17000
Netherlands,1999,17000
Netherlands,2000,18000
Netherlands,2001,19000
Netherlands,2002,19000
Netherlands,2003,20000
Netherlands,2004,21000
Netherlands,2005,21000
Netherlands,2006,22000
Netherlands,2007,23000
Netherlands,2008,23000
Netherlands,2009,24000
Norway,1990,600
Norway,1991,1200
Norway,1992,1400
Norway,1993,1700
Norway,1994,2000
Norway,1995,2200
Norway,1996,2400
Norway,1997,2600
Norway,1998,2800
Norway,1999,2900
Norway,2000,3100
Norway,2001,3200
Norway,2002,3300
Norway,2003,3400
Norway,2004,3600
Norway,2005,3700
Norway,2006,3800
Norway,2007,4000
Norway,2008,4100
Norway,2009,4200
Nepal,1990,600
Nepal,1991,600
Nepal,1992,1600
Nepal,1993,2500
Nepal,1994,3900
Nepal,1995,5900
Nepal,1996,8800
Nepal,1997,13000
Nepal,1998,18000
Nepal,1999,26000
Nepal,2000,34000
Nepal,2001,43000
Nepal,2002,51000
Nepal,2003,57000
Nepal,2004,61000
Nepal,2005,63000
Nepal,2006,63000
Nepal,2007,62000
Nepal,2008,59000
Nepal,2009,56000
New Zealand,1990,1000
New Zealand,1991,1000
New Zealand,1992,1100
New Zealand,1993,1100
New Zealand,1994,1100
New Zealand,1995,1100
New Zealand,1996,1200
New Zealand,1997,1200
New Zealand,1998,1300
New Zealand,1999,1400
New Zealand,2000,1500
New Zealand,2001,1600
New Zealand,2002,1700
New Zealand,2003,1800
New Zealand,2004,1900
New Zealand,2005,2000
New Zealand,2006,2100
New Zealand,2007,2200
New Zealand,2008,2300
New Zealand,2009,2400
Pakistan,1990,600
Pakistan,1991,600
Pakistan,1992,1100
Pakistan,1993,1400
Pakistan,1994,1800
Pakistan,1995,2400
Pakistan,1996,3100
Pakistan,1997,4100
Pakistan,1998,5400
Pakistan,1999,7000
Pakistan,2000,9200
Pakistan,2001,12000
Pakistan,2002,15000
Pakistan,2003,20000
Pakistan,2004,25000
Pakistan,2005,32000
Pakistan,2006,41000
Pakistan,2007,51000
Pakistan,2008,65000
Pakistan,2009,81000
Panama,1990,11000
Panama,1991,13000
Panama,1992,16000
Panama,1993,19000
Panama,1994,21000
Panama,1995,24000
Panama,1996,25000
Panama,1997,26000
Panama,1998,26000
Panama,1999,26000
Panama,2000,26000
Panama,2001,25000
Panama,2002,25000
Panama,2003,24000
Panama,2004,23000
Panama,2005,22000
Panama,2006,21000
Panama,2007,20000
Panama,2008,19000
Panama,2009,19000
Peru,1990,27000
Peru,1991,34000
Peru,1992,44000
Peru,1993,53000
Peru,1994,62000
Peru,1995,70000
Peru,1996,75000
Peru,1997,78000
Peru,1998,80000
Peru,1999,80000
Peru,2000,80000
Peru,2001,79000
Peru,2002,77000
Peru,2003,75000
Peru,2004,73000
Peru,2005,71000
Peru,2006,70000
Peru,2007,69000
Peru,2008,69000
Peru,2009,70000
Philippines,1990,350
Philippines,1991,350
Philippines,1992,350
Philippines,1993,600
Philippines,1994,600
Philippines,1995,600
Philippines,1996,600
Philippines,1997,1100
Philippines,1998,1400
Philippines,1999,1700
Philippines,2000,2000
Philippines,2001,2400
Philippines,2002,3000
Philippines,2003,3600
Philippines,2004,4300
Philippines,2005,5300
Philippines,2006,6400
Philippines,2007,7700
Philippines,2008,9400
Philippines,2009,11000
Papua New Guinea,1990,4000
Papua New Guinea,1991,5500
Papua New Guinea,1992,7300
Papua New Guinea,1993,9200
Papua New Guinea,1994,11000
Papua New Guinea,1995,14000
Papua New Guinea,1996,16000
Papua New Guinea,1997,18000
Papua New Guinea,1998,20000
Papua New Guinea,1999,21000
Papua New Guinea,2000,23000
Papua New Guinea,2001,24000
Papua New Guinea,2002,25000
Papua New Guinea,2003,25000
Papua New Guinea,2004,26000
Papua New Guinea,2005,26000
Papua New Guinea,2006,26000
Papua New Guinea,2007,26000
Papua New Guinea,2008,27000
Papua New Guinea,2009,27000
Poland,1990,6800
Poland,1991,8600
Poland,1992,11000
Poland,1993,12000
Poland,1994,14000
Poland,1995,16000
Poland,1996,17000
Poland,1997,19000
Poland,1998,20000
Poland,1999,21000
Poland,2000,22000
Poland,2001,24000
Poland,2002,25000
Poland,2003,26000
Poland,2004,27000
Poland,2005,28000
Poland,2006,30000
Poland,2007,31000
Poland,2008,32000
Poland,2009,33000
Portugal,1990,7000
Portugal,1991,9200
Portugal,1992,12000
Portugal,1993,15000
Portugal,1994,18000
Portugal,1995,20000
Portugal,1996,23000
Portugal,1997,26000
Portugal,1998,28000
Portugal,1999,30000
Portugal,2000,32000
Portugal,2001,34000
Portugal,2002,36000
Portugal,2003,37000
Portugal,2004,39000
Portugal,2005,40000
Portugal,2006,42000
Portugal,2007,43000
Portugal,2008,44000
Portugal,2009,45000
Paraguay,1990,1600
Paraguay,1991,1900
Paraguay,1992,2100
Paraguay,1993,2300
Paraguay,1994,2500
Paraguay,1995,2700
Paraguay,1996,3000
Paraguay,1997,3200
Paraguay,1998,3500
Paraguay,1999,3700
Paraguay,2000,4000
Paraguay,2001,4400
Paraguay,2002,4700
Paraguay,2003,5200
Paraguay,2004,5700
Paraguay,2005,6200
Paraguay,2006,6900
Paraguay,2007,7700
Paraguay,2008,8700
Paraguay,2009,9800
Romania,1990,3000
Romania,1991,3900
Romania,1992,5000
Romania,1993,6300
Romania,1994,7700
Romania,1995,9100
Romania,1996,11000
Romania,1997,12000
Romania,1998,13000
Romania,1999,14000
Romania,2000,15000
Romania,2001,16000
Romania,2002,16000
Romania,2003,16000
Romania,2004,17000
Romania,2005,17000
Romania,2006,17000
Romania,2007,17000
Romania,2008,16000
Romania,2009,16000
Rwanda,1990,200000
Rwanda,1991,200000
Rwanda,1992,200000
Rwanda,1993,200000
Rwanda,1994,200000
Rwanda,1995,200000
Rwanda,1996,200000
Rwanda,1997,210000
Rwanda,1998,220000
Rwanda,1999,220000
Rwanda,2000,230000
Rwanda,2001,220000
Rwanda,2002,220000
Rwanda,2003,210000
Rwanda,2004,210000
Rwanda,2005,200000
Rwanda,2006,200000
Rwanda,2007,200000
Rwanda,2008,200000
Rwanda,2009,200000
Sudan,1990,20000
Sudan,1991,27000
Sudan,1992,35000
Sudan,1993,44000
Sudan,1994,52000
Sudan,1995,60000
Sudan,1996,66000
Sudan,1997,70000
Sudan,1998,72000
Sudan,1999,72000
Sudan,2000,70000
Sudan,2001,69000
Sudan,2002,67000
Sudan,2003,65000
Sudan,2004,63000
Sudan,2005,62000
Sudan,2006,62000
Sudan,2007,62000
Sudan,2008,63000
Sudan,2009,65000
Senegal,1990,5000
Senegal,1991,5800
Senegal,1992,6700
Senegal,1993,7800
Senegal,1994,9100
Senegal,1995,11000
Senegal,1996,12000
Senegal,1997,14000
Senegal,1998,16000
Senegal,1999,19000
Senegal,2000,21000
Senegal,2001,24000
Senegal,2002,27000
Senegal,2003,30000
Senegal,2004,32000
Senegal,2005,35000
Senegal,2006,38000
Senegal,2007,41000
Senegal,2008,43000
Senegal,2009,46000
Singapore,1990,600
Singapore,1991,600
Singapore,1992,1200
Singapore,1993,1500
Singapore,1994,1800
Singapore,1995,2000
Singapore,1996,2200
Singapore,1997,2400
Singapore,1998,2500
Singapore,1999,2600
Singapore,2000,2600
Singapore,2001,2700
Singapore,2002,2700
Singapore,2003,2700
Singapore,2004,2700
Singapore,2005,2800
Singapore,2006,2900
Singapore,2007,3000
Singapore,2008,3200
Singapore,2009,3300
Sierra Leone,1990,600
Sierra Leone,1991,1100
Sierra Leone,1992,1700
Sierra Leone,1993,2500
Sierra Leone,1994,3600
Sierra Leone,1995,5000
Sierra Leone,1996,6800
Sierra Leone,1997,8900
Sierra Leone,1998,11000
Sierra Leone,1999,14000
Sierra Leone,2000,18000
Sierra Leone,2001,21000
Sierra Leone,2002,25000
Sierra Leone,2003,30000
Sierra Leone,2004,34000
Sierra Leone,2005,38000
Sierra Leone,2006,41000
Sierra Leone,2007,44000
Sierra Leone,2008,45000
Sierra Leone,2009,47000
El Salvador,1990,3200
El Salvador,1991,3900
El Salvador,1992,4800
El Salvador,1993,5700
El Salvador,1994,6600
El Salvador,1995,7500
El Salvador,1996,8300
El Salvador,1997,9000
El Salvador,1998,9700
El Salvador,1999,10000
El Salvador,2000,11000
El Salvador,2001,12000
El Salvador,2002,12000
El Salvador,2003,13000
El Salvador,2004,14000
El Salvador,2005,15000
El Salvador,2006,16000
El Salvador,2007,18000
El Salvador,2008,19000
El Salvador,2009,21000
Somalia,1990,17000
Somalia,1991,19000
Somalia,1992,22000
Somalia,1993,24000
Somalia,1994,26000
Somalia,1995,28000
Somalia,1996,30000
Somalia,1997,31000
Somalia,1998,32000
Somalia,1999,33000
Somalia,2000,34000
Somalia,2001,34000
Somalia,2002,35000
Somalia,2003,35000
Somalia,2004,35000
Somalia,2005,35000
Somalia,2006,35000
Somalia,2007,35000
Somalia,2008,35000
Somalia,2009,35000
Serbia,1990,5200
Serbia,1991,5100
Serbia,1992,5000
Serbia,1993,4800
Serbia,1994,4600
Serbia,1995,4300
Serbia,1996,4000
Serbia,1997,3700
Serbia,1998,3500
Serbia,1999,3300
Serbia,2000,3200
Serbia,2001,3100
Serbia,2002,3000
Serbia,2003,2900
Serbia,2004,2900
Serbia,2005,2900
Serbia,2006,3000
Serbia,2007,3100
Serbia,2008,3200
Serbia,2009,3400
Sao Tome and Principe,1990,160
Sao Tome and Principe,1991,160
Sao Tome and Principe,1992,350
Sao Tome and Principe,1993,350
Sao Tome and Principe,1994,350
Sao Tome and Principe,1995,350
Sao Tome and Principe,1996,350
Sao Tome and Principe,1997,350
Sao Tome and Principe,1998,350
Sao Tome and Principe,1999,600
Sao Tome and Principe,2000,600
Sao Tome and Principe,2001,600
Sao Tome and Principe,2002,600
Sao Tome and Principe,2003,600
Sao Tome and Principe,2004,1000
Sao Tome and Principe,2005,1000
Sao Tome and Principe,2006,1000
Sao Tome and Principe,2007,1000
Sao Tome and Principe,2008,1000
Sao Tome and Principe,2009,1000
Suriname,1990,3500
Suriname,1991,4600
Suriname,1992,5700
Suriname,1993,6700
Suriname,1994,7500
Suriname,1995,8200
Suriname,1996,8600
Suriname,1997,8800
Suriname,1998,8800
Suriname,1999,8700
Suriname,2000,8400
Suriname,2001,7900
Suriname,2002,7400
Suriname,2003,6800
Suriname,2004,6300
Suriname,2005,5800
Suriname,2006,5300
Suriname,2007,4800
Suriname,2008,4400
Suriname,2009,4000
Slovak Republic,1990,60
Slovak Republic,1991,60
Slovak Republic,1992,60
Slovak Republic,1993,60
Slovak Republic,1994,60
Slovak Republic,1995,60
Slovak Republic,1996,60
Slovak Republic,1997,60
Slovak Republic,1998,160
Slovak Republic,1999,160
Slovak Republic,2000,160
Slovak Republic,2001,160
Slovak Republic,2002,160
Slovak Republic,2003,160
Slovak Republic,2004,350
Slovak Republic,2005,350
Slovak Republic,2006,350
Slovak Republic,2007,350
Slovak Republic,2008,350
Slovak Republic,2009,350
Slovenia,1990,60
Slovenia,1991,60
Slovenia,1992,60
Slovenia,1993,60
Slovenia,1994,60
Slovenia,1995,60
Slovenia,1996,160
Slovenia,1997,160
Slovenia,1998,160
Slovenia,1999,160
Slovenia,2000,350
Slovenia,2001,350
Slovenia,2002,350
Slovenia,2003,350
Slovenia,2004,350
Slovenia,2005,350
Slovenia,2006,350
Slovenia,2007,350
Slovenia,2008,350
Slovenia,2009,600
Sweden,1990,3100
Sweden,1991,3800
Sweden,1992,4400
Sweden,1993,4900
Sweden,1994,5300
Sweden,1995,5600
Sweden,1996,5900
Sweden,1997,6100
Sweden,1998,6300
Sweden,1999,6500
Sweden,2000,6700
Sweden,2001,6900
Sweden,2002,7200
Sweden,2003,7400
Sweden,2004,7600
Sweden,2005,7800
Sweden,2006,8000
Sweden,2007,8200
Sweden,2008,8400
Sweden,2009,8600
Eswatini,1990,12000
Eswatini,1991,17000
Eswatini,1992,22000
Eswatini,1993,30000
Eswatini,1994,39000
Eswatini,1995,49000
Eswatini,1996,61000
Eswatini,1997,75000
Eswatini,1998,88000
Eswatini,1999,100000
Eswatini,2000,110000
Eswatini,2001,120000
Eswatini,2002,130000
Eswatini,2003,140000
Eswatini,2004,150000
Eswatini,2005,160000
Eswatini,2006,160000
Eswatini,2007,170000
Eswatini,2008,170000
Eswatini,2009,180000
Chad,1990,71000
Chad,1991,82000
Chad,1992,93000
Chad,1993,100000
Chad,1994,110000
Chad,1995,130000
Chad,1996,140000
Chad,1997,140000
Chad,1998,150000
Chad,1999,160000
Chad,2000,170000
Chad,2001,170000
Chad,2002,180000
Chad,2003,180000
Chad,2004,190000
Chad,2005,190000
Chad,2006,190000
Chad,2007,200000
Chad,2008,200000
Chad,2009,200000
Togo,1990,34000
Togo,1991,40000
Togo,1992,46000
Togo,1993,52000
Togo,1994,60000
Togo,1995,68000
Togo,1996,77000
Togo,1997,87000
Togo,1998,97000
Togo,1999,110000
Togo,2000,120000
Togo,2001,120000
Togo,2002,130000
Togo,2003,140000
Togo,2004,140000
Togo,2005,140000
Togo,2006,150000
Togo,2007,150000
Togo,2008,150000
Togo,2009,150000
Thailand,1990,300000
Thailand,1991,440000
Thailand,1992,550000
Thailand,1993,630000
Thailand,1994,680000
Thailand,1995,700000
Thailand,1996,710000
Thailand,1997,710000
Thailand,1998,690000
Thailand,1999,680000
Thailand,2000,650000
Thailand,2001,630000
Thailand,2002,610000
Thailand,2003,590000
Thailand,2004,570000
Thailand,2005,560000
Thailand,2006,550000
Thailand,2007,540000
Thailand,2008,530000
Thailand,2009,520000
Tajikistan,1990,600
Tajikistan,1991,600
Tajikistan,1992,600
Tajikistan,1993,1000
Tajikistan,1994,1300
Tajikistan,1995,1600
Tajikistan,1996,2100
Tajikistan,1997,2700
Tajikistan,1998,3400
Tajikistan,1999,4100
Tajikistan,2000,4800
Tajikistan,2001,5400
Tajikistan,2002,6000
Tajikistan,2003,6500
Tajikistan,2004,7000
Tajikistan,2005,7400
Tajikistan,2006,7800
Tajikistan,2007,8200
Tajikistan,2008,8700
Tajikistan,2009,9200
Trinidad and Tobago,1990,1500
Trinidad and Tobago,1991,2100
Trinidad and Tobago,1992,2900
Trinidad and Tobago,1993,3800
Trinidad and Tobago,1994,4900
Trinidad and Tobago,1995,6000
Trinidad and Tobago,1996,7100
Trinidad and Tobago,1997,8100
Trinidad and Tobago,1998,9100
Trinidad and Tobago,1999,9900
Trinidad and Tobago,2000,11000
Trinidad and Tobago,2001,11000
Trinidad and Tobago,2002,11000
Trinidad and Tobago,2003,12000
Trinidad and Tobago,2004,12000
Trinidad and Tobago,2005,12000
Trinidad and Tobago,2006,13000
Trinidad and Tobago,2007,13000
Trinidad and Tobago,2008,13000
Trinidad and Tobago,2009,13000
Tunisia,1990,60
Tunisia,1991,60
Tunisia,1992,60
Tunisia,1993,160
Tunisia,1994,160
Tunisia,1995,350
Tunisia,1996,350
Tunisia,1997,350
Tunisia,1998,350
Tunisia,1999,350
Tunisia,2000,600
Tunisia,2001,600
Tunisia,2002,600
Tunisia,2003,600
Tunisia,2004,600
Tunisia,2005,600
Tunisia,2006,1000
Tunisia,2007,1100
Tunisia,2008,1300
Tunisia,2009,1400
Turkey,1990,160
Turkey,1991,350
Turkey,1992,350
Turkey,1993,350
Turkey,1994,350
Turkey,1995,600
Turkey,1996,600
Turkey,1997,600
Turkey,1998,1100
Turkey,1999,1300
Turkey,2000,1500
Turkey,2001,1800
Turkey,2002,2100
Turkey,2003,2400
Turkey,2004,2700
Turkey,2005,3100
Turkey,2006,3400
Turkey,2007,3800
Turkey,2008,4200
Turkey,2009,4600
Tanzania,1990,660000
Tanzania,1991,820000
Tanzania,1992,980000
Tanzania,1993,1100000
Tanzania,1994,1200000
Tanzania,1995,1300000
Tanzania,1996,1400000
Tanzania,1997,1400000
Tanzania,1998,1400000
Tanzania,1999,1500000
Tanzania,2000,1500000
Tanzania,2001,1400000
Tanzania,2002,1400000
Tanzania,2003,1400000
Tanzania,2004,1400000
Tanzania,2005,1400000
Tanzania,2006,1400000
Tanzania,2007,1400000
Tanzania,2008,1400000
Tanzania,2009,1500000
Uganda,1990,1200000
Uganda,1991,1200000
Uganda,1992,1200000
Uganda,1993,1200000
Uganda,1994,1200000
Uganda,1995,1200000
Uganda,1996,1100000
Uganda,1997,1100000
Uganda,1998,1100000
Uganda,1999,1000000
Uganda,2000,1000000
Uganda,2001,990000
Uganda,2002,980000
Uganda,2003,990000
Uganda,2004,1000000
Uganda,2005,1000000
Uganda,2006,1100000
Uganda,2007,1100000
Uganda,2008,1200000
Uganda,2009,1300000
Ukraine,1990,350
Ukraine,1991,1400
Ukraine,1992,3900
Ukraine,1993,8900
Ukraine,1994,18000
Ukraine,1995,34000
Ukraine,1996,63000
Ukraine,1997,110000
Ukraine,1998,160000
Ukraine,1999,200000
Ukraine,2000,230000
Ukraine,2001,250000
Ukraine,2002,260000
Ukraine,2003,280000
Ukraine,2004,290000
Ukraine,2005,300000
Ukraine,2006,310000
Ukraine,2007,320000
Ukraine,2008,300000
Ukraine,2009,280000
Uruguay,1990,1800
Uruguay,1991,2400
Uruguay,1992,3200
Uruguay,1993,4200
Uruguay,1994,5200
Uruguay,1995,6300
Uruguay,1996,7400
Uruguay,1997,8500
Uruguay,1998,9400
Uruguay,1999,10000
Uruguay,2000,11000
Uruguay,2001,11000
Uruguay,2002,11000
Uruguay,2003,11000
Uruguay,2004,12000
Uruguay,2005,12000
Uruguay,2006,12000
Uruguay,2007,12000
Uruguay,2008,12000
Uruguay,2009,12000
United States,1990,810000
United States,1991,830000
United States,1992,830000
United States,1993,840000
United States,1994,830000
United States,1995,830000
United States,1996,840000
United States,1997,870000
United States,1998,910000
United States,1999,950000
United States,2000,980000
United States,2001,1000000
United States,2002,1000000
United States,2003,1100000
United States,2004,1100000
United States,2005,1100000
United States,2006,1200000
United States,2007,1200000
United States,2008,1200000
United States,2009,1300000
Venezuela,1990,21000
Venezuela,1991,24000
Venezuela,1992,27000
Venezuela,1993,31000
Venezuela,1994,34000
Venezuela,1995,37000
Venezuela,1996,41000
Venezuela,1997,44000
Venezuela,1998,48000
Venezuela,1999,51000
Venezuela,2000,54000
Venezuela,2001,58000
Venezuela,2002,61000
Venezuela,2003,65000
Venezuela,2004,69000
Venezuela,2005,74000
Venezuela,2006,78000
Venezuela,2007,82000
Venezuela,2008,86000
Venezuela,2009,91000
Vietnam,1990,60
Vietnam,1991,350
Vietnam,1992,600
Vietnam,1993,1000
Vietnam,1994,1900
Vietnam,1995,3500
Vietnam,1996,6900
Vietnam,1997,13000
Vietnam,1998,30000
Vietnam,1999,58000
Vietnam,2000,84000
Vietnam,2001,110000
Vietnam,2002,130000
Vietnam,2003,160000
Vietnam,2004,180000
Vietnam,2005,190000
Vietnam,2006,210000
Vietnam,2007,220000
Vietnam,2008,230000
Vietnam,2009,230000
Yemen,1990,350
Yemen,1991,600
Yemen,1992,600
Yemen,1993,1100
Yemen,1994,1500
Yemen,1995,2100
Yemen,1996,2800
Yemen,1997,3700
Yemen,1998,4900
Yemen,1999,6500
Yemen,2000,8500
Yemen,2001,10000
Yemen,2002,12000
Yemen,2003,14000
Yemen,2004,15000
Yemen,2005,16000
Yemen,2006,17000
Yemen,2007,18000
Yemen,2008,19000
Yemen,2009,20000
South Africa,1990,100000
South Africa,1991,170000
South Africa,1992,290000
South Africa,1993,470000
South Africa,1994,750000
South Africa,1995,1200000
South Africa,1996,1700000
South Africa,1997,2300000
South Africa,1998,2900000
South Africa,1999,3500000
South Africa,2000,4000000
South Africa,2001,4400000
South Africa,2002,4700000
South Africa,2003,4900000
South Africa,2004,5000000
South Africa,2005,5200000
South Africa,2006,5200000
South Africa,2007,5300000
South Africa,2008,5400000
South Africa,2009,5400000
Zambia,1990,560000
Zambia,1991,610000
Zambia,1992,650000
Zambia,1993,680000
Zambia,1994,700000
Zambia,1995,730000
Zambia,1996,750000
Zambia,1997,770000
Zambia,1998,790000
Zambia,1999,820000
Zambia,2000,840000
Zambia,2001,860000
Zambia,2002,880000
Zambia,2003,900000
Zambia,2004,910000
Zambia,2005,920000
Zambia,2006,920000
Zambia,2007,930000
Zambia,2008,940000
Zambia,2009,950000
Zimbabwe,1990,720000
Zimbabwe,1991,880000
Zimbabwe,1992,1000000
Zimbabwe,1993,1200000
Zimbabwe,1994,1400000
Zimbabwe,1995,1600000
Zimbabwe,1996,1700000
Zimbabwe,1997,1800000
Zimbabwe,1998,1900000
Zimbabwe,1999,1900000
Zimbabwe,2000,1900000
Zimbabwe,2001,1800000
Zimbabwe,2002,1700000
Zimbabwe,2003,1700000
Zimbabwe,2004,1600000
Zimbabwe,2005,1500000
Zimbabwe,2006,1400000
Zimbabwe,2007,1300000
Zimbabwe,2008,1300000
Zimbabwe,2009,1200000
