country,year,total_cases,new_cases
Afghanistan,1990,600,NA
Afghanistan,1991,600,NA
Afghanistan,1992,1000,NA
Afghanistan,1993,1100,NA
Afghanistan,1994,1200,NA
Afghanistan,1995,1300,NA
Afghanistan,1996,1400,NA
Afghanistan,1997,1500,NA
Afghanistan,1998,1600,NA
Afghanistan,1999,1800,NA
Afghanistan,2000,1900,NA
Afghanistan,2001,2000,NA
Afghanistan,2002,2200,NA
Afghanistan,2003,2400,NA
Afghanistan,2004,2700,NA
Afghanistan,2005,2900,NA
Afghanistan,2006,3200,NA
Afghanistan,2007,3600,NA
Afghanistan,2008,4100,NA
Afghanistan,2009,4600,NA
Angola,1990,33000,7500
Angola,1991,39000,8500
Angola,1992,46000,9500
Angola,1993,54000,11000
Angola,1994,62000,12000
Angola,1995,71000,13000
Angola,1996,80000,15000
Angola,1997,89000,16000
Angola,1998,99000,17000
Angola,1999,110000,18000
Angola,2000,120000,19000
Angola,2001,130000,20000
Angola,2002,140000,21000
Angola,2003,150000,22000
Angola,2004,160000,23000
Angola,2005,170000,23000
Angola,2006,180000,24000
Angola,2007,190000,24000
Angola,2008,2e+05,24000
Angola,2009,210000,24000
Argentina,1990,27000,4900
Argentina,1991,31000,5400
Argentina,1992,35000,5800
Argentina,1993,39000,6300
Argentina,1994,43000,6700
Argentina,1995,47000,6700
Argentina,1996,51000,6700
Argentina,1997,54000,6900
Argentina,1998,58000,7000
Argentina,1999,61000,7100
Argentina,2000,64000,7000
Argentina,2001,66000,7300
Argentina,2002,68000,7400
Argentina,2003,71000,7500
Argentina,2004,74000,7600
Argentina,2005,77000,7700
Argentina,2006,80000,7700
Argentina,2007,83000,7600
Argentina,2008,86000,7500
Argentina,2009,90000,7500
Armenia,1990,350,60
Armenia,1991,600,60
Armenia,1992,600,60
Armenia,1993,600,60
Armenia,1994,1000,120
Armenia,1995,1300,120
Armenia,1996,1600,300
Armenia,1997,2000,300
Armenia,1998,2400,300
Armenia,1999,2800,300
Armenia,2000,3200,120
Armenia,2001,3500,120
Armenia,2002,3700,120
Armenia,2003,3800,120
Armenia,2004,3800,120
Armenia,2005,3800,120
Armenia,2006,3800,120
Armenia,2007,3700,120
Armenia,2008,3600,300
Armenia,2009,3600,300
Australia,1990,12000,NA
Australia,1991,12000,NA
Australia,1992,12000,NA
Australia,1993,11000,NA
Australia,1994,11000,NA
Australia,1995,11000,NA
Australia,1996,11000,NA
Australia,1997,11000,NA
Australia,1998,11000,NA
Australia,1999,12000,NA
Australia,2000,12000,NA
Australia,2001,13000,NA
Australia,2002,14000,NA
Australia,2003,14000,NA
Australia,2004,15000,NA
Australia,2005,16000,NA
Australia,2006,17000,NA
Australia,2007,18000,NA
Australia,2008,19000,NA
Australia,2009,20000,NA
Austria,1990,600,NA
Austria,1991,600,NA
Austria,1992,1000,NA
Austria,1993,1300,NA
Austria,1994,1500,NA
Austria,1995,1900,NA
Austria,1996,2300,NA
Austria,1997,2800,NA
Austria,1998,3300,NA
Austria,1999,4000,NA
Austria,2000,4700,NA
Austria,2001,5500,NA
Austria,2002,6400,NA
Austria,2003,7500,NA
Austria,2004,8600,NA
Austria,2005,9900,NA
Austria,2006,11000,NA
Austria,2007,12000,NA
Austria,2008,14000,NA
Austria,2009,15000,NA
Azerbaijan,1990,60,NA
Azerbaijan,1991,160,NA
Azerbaijan,1992,160,NA
Azerbaijan,1993,350,NA
Azerbaijan,1994,350,NA
Azerbaijan,1995,600,NA
Azerbaijan,1996,600,NA
Azerbaijan,1997,1200,NA
Azerbaijan,1998,1600,NA
Azerbaijan,1999,2000,NA
Azerbaijan,2000,2500,NA
Azerbaijan,2001,3000,NA
Azerbaijan,2002,3500,NA
Azerbaijan,2003,3900,NA
Azerbaijan,2004,4400,NA
Azerbaijan,2005,4800,NA
Azerbaijan,2006,5100,NA
Azerbaijan,2007,5400,NA
Azerbaijan,2008,5700,NA
Azerbaijan,2009,6000,NA
Burundi,1990,61000,16000
Burundi,1991,76000,20000
Burundi,1992,96000,26000
Burundi,1993,120000,30000
Burundi,1994,140000,32000
Burundi,1995,160000,27000
Burundi,1996,160000,19000
Burundi,1997,160000,14000
Burundi,1998,160000,9800
Burundi,1999,150000,8100
Burundi,2000,140000,7300
Burundi,2001,130000,6900
Burundi,2002,130000,6900
Burundi,2003,120000,7200
Burundi,2004,110000,7400
Burundi,2005,110000,6900
Burundi,2006,1e+05,6000
Burundi,2007,99000,5100
Burundi,2008,94000,4400
Burundi,2009,89000,3700
Belgium,1990,1400,NA
Belgium,1991,1900,NA
Belgium,1992,2400,NA
Belgium,1993,3000,NA
Belgium,1994,3700,NA
Belgium,1995,4400,NA
Belgium,1996,5000,NA
Belgium,1997,5800,NA
Belgium,1998,6600,NA
Belgium,1999,7400,NA
Belgium,2000,8300,NA
Belgium,2001,9300,NA
Belgium,2002,10000,NA
Belgium,2003,11000,NA
Belgium,2004,12000,NA
Belgium,2005,13000,NA
Belgium,2006,15000,NA
Belgium,2007,16000,NA
Belgium,2008,17000,NA
Belgium,2009,18000,NA
Benin,1990,78000,4000
Benin,1991,76000,4600
Benin,1992,74000,5200
Benin,1993,73000,6000
Benin,1994,72000,6900
Benin,1995,72000,7500
Benin,1996,72000,7700
Benin,1997,71000,7300
Benin,1998,70000,6600
Benin,1999,69000,6000
Benin,2000,67000,5500
Benin,2001,66000,5300
Benin,2002,64000,5100
Benin,2003,62000,5000
Benin,2004,61000,5000
Benin,2005,60000,5100
Benin,2006,60000,4800
Benin,2007,60000,4800
Benin,2008,60000,4900
Benin,2009,61000,4900
Burkina Faso,1990,180000,26000
Burkina Faso,1991,180000,21000
Burkina Faso,1992,180000,18000
Burkina Faso,1993,180000,18000
Burkina Faso,1994,180000,17000
Burkina Faso,1995,180000,14000
Burkina Faso,1996,180000,16000
Burkina Faso,1997,170000,16000
Burkina Faso,1998,170000,12000
Burkina Faso,1999,160000,14000
Burkina Faso,2000,160000,13000
Burkina Faso,2001,150000,13000
Burkina Faso,2002,150000,12000
Burkina Faso,2003,140000,8500
Burkina Faso,2004,140000,7900
Burkina Faso,2005,130000,7300
Burkina Faso,2006,130000,6900
Burkina Faso,2007,130000,6900
Burkina Faso,2008,120000,7000
Burkina Faso,2009,120000,8000
Bangladesh,1990,1100,60
Bangladesh,1991,1200,160
Bangladesh,1992,1200,160
Bangladesh,1993,1200,160
Bangladesh,1994,1200,160
Bangladesh,1995,1300,160
Bangladesh,1996,1300,160
Bangladesh,1997,1400,350
Bangladesh,1998,1600,350
Bangladesh,1999,1800,350
Bangladesh,2000,2000,350
Bangladesh,2001,2200,350
Bangladesh,2002,2500,350
Bangladesh,2003,2800,750
Bangladesh,2004,3200,750
Bangladesh,2005,3700,750
Bangladesh,2006,4200,750
Bangladesh,2007,4800,750
Bangladesh,2008,5400,750
Bangladesh,2009,6100,750
Bulgaria,1990,350,NA
Bulgaria,1991,350,NA
Bulgaria,1992,350,NA
Bulgaria,1993,350,NA
Bulgaria,1994,350,NA
Bulgaria,1995,600,NA
Bulgaria,1996,600,NA
Bulgaria,1997,600,NA
Bulgaria,1998,1000,NA
Bulgaria,1999,1200,NA
Bulgaria,2000,1500,NA
Bulgaria,2001,1700,NA
Bulgaria,2002,2000,NA
Bulgaria,2003,2200,NA
Bulgaria,2004,2500,NA
Bulgaria,2005,2800,NA
Bulgaria,2006,3100,NA
Bulgaria,2007,3300,NA
Bulgaria,2008,3500,NA
Bulgaria,2009,3700,NA
Bahamas,1990,5900,750
Bahamas,1991,6200,750
Bahamas,1992,6400,750
Bahamas,1993,6500,750
Bahamas,1994,6600,750
Bahamas,1995,6600,750
Bahamas,1996,6700,750
Bahamas,1997,6700,750
Bahamas,1998,6600,750
Bahamas,1999,6600,750
Bahamas,2000,6500,750
Bahamas,2001,6500,750
Bahamas,2002,6400,750
Bahamas,2003,6300,750
Bahamas,2004,6300,750
Bahamas,2005,6300,750
Bahamas,2006,6400,750
Bahamas,2007,6400,350
Bahamas,2008,6400,350
Bahamas,2009,6300,350
Belarus,1990,60,60
Belarus,1991,60,60
Belarus,1992,60,60
Belarus,1993,60,60
Belarus,1994,60,60
Belarus,1995,160,60
Belarus,1996,350,160
Belarus,1997,350,350
Belarus,1998,600,350
Belarus,1999,1600,750
Belarus,2000,2900,1300
Belarus,2001,4900,2100
Belarus,2002,7500,2800
Belarus,2003,10000,3000
Belarus,2004,13000,2800
Belarus,2005,15000,2400
Belarus,2006,16000,2100
Belarus,2007,17000,1900
Belarus,2008,18000,1800
Belarus,2009,19000,1800
Belize,1990,600,350
Belize,1991,1100,350
Belize,1992,1300,350
Belize,1993,1600,350
Belize,1994,1800,350
Belize,1995,2000,350
Belize,1996,2300,350
Belize,1997,2500,350
Belize,1998,2700,350
Belize,1999,3000,350
Belize,2000,3200,350
Belize,2001,3400,350
Belize,2002,3500,350
Belize,2003,3700,350
Belize,2004,3900,350
Belize,2005,4000,350
Belize,2006,4100,350
Belize,2007,4200,350
Belize,2008,4400,350
Belize,2009,4500,350
Bolivia,1990,23000,NA
Bolivia,1991,23000,NA
Bolivia,1992,23000,NA
Bolivia,1993,23000,NA
Bolivia,1994,23000,NA
Bolivia,1995,24000,NA
Bolivia,1996,24000,NA
Bolivia,1997,25000,NA
Bolivia,1998,25000,NA
Bolivia,1999,26000,NA
Bolivia,2000,26000,NA
Bolivia,2001,26000,NA
Bolivia,2002,25000,NA
Bolivia,2003,25000,NA
Bolivia,2004,24000,NA
Bolivia,2005,22000,NA
Bolivia,2006,21000,NA
Bolivia,2007,20000,NA
Bolivia,2008,19000,NA
Bolivia,2009,18000,NA
Brazil,1990,190000,NA
Brazil,1991,220000,NA
Brazil,1992,260000,NA
Brazil,1993,290000,NA
Brazil,1994,320000,NA
Brazil,1995,350000,NA
Brazil,1996,370000,NA
Brazil,1997,390000,NA
Brazil,1998,410000,NA
Brazil,1999,430000,NA
Brazil,2000,440000,NA
Brazil,2001,450000,NA
Brazil,2002,460000,NA
Brazil,2003,470000,NA
Brazil,2004,480000,NA
Brazil,2005,480000,NA
Brazil,2006,480000,NA
Brazil,2007,490000,NA
Brazil,2008,490000,NA
Brazil,2009,490000,NA
Barbados,1990,600,160
Barbados,1991,600,160
Barbados,1992,600,160
Barbados,1993,600,160
Barbados,1994,600,160
Barbados,1995,600,160
Barbados,1996,1100,160
Barbados,1997,1100,160
Barbados,1998,1100,160
Barbados,1999,1200,160
Barbados,2000,1200,160
Barbados,2001,1200,160
Barbados,2002,1200,160
Barbados,2003,1200,60
Barbados,2004,1300,60
Barbados,2005,1300,60
Barbados,2006,1300,60
Barbados,2007,1300,60
Barbados,2008,1400,60
Barbados,2009,1400,60
Bhutan,1990,60,NA
Bhutan,1991,60,NA
Bhutan,1992,60,NA
Bhutan,1993,60,NA
Bhutan,1994,60,NA
Bhutan,1995,60,NA
Bhutan,1996,60,NA
Bhutan,1997,60,NA
Bhutan,1998,60,NA
Bhutan,1999,60,NA
Bhutan,2000,60,NA
Bhutan,2001,60,NA
Bhutan,2002,160,NA
Bhutan,2003,160,NA
Bhutan,2004,350,NA
Bhutan,2005,350,NA
Bhutan,2006,350,NA
Bhutan,2007,600,NA
Bhutan,2008,600,NA
Bhutan,2009,600,NA
Botswana,1990,41000,8900
Botswana,1991,59000,13000
Botswana,1992,79000,19000
Botswana,1993,1e+05,25000
Botswana,1994,130000,31000
Botswana,1995,160000,36000
Botswana,1996,180000,37000
Botswana,1997,210000,37000
Botswana,1998,230000,34000
Botswana,1999,250000,31000
Botswana,2000,260000,28000
Botswana,2001,270000,26000
Botswana,2002,270000,24000
Botswana,2003,280000,22000
Botswana,2004,280000,19000
Botswana,2005,280000,17000
Botswana,2006,280000,16000
Botswana,2007,280000,16000
Botswana,2008,290000,15000
Botswana,2009,290000,14000
Central African Republic,1990,130000,17000
Central African Republic,1991,140000,25000
Central African Republic,1992,150000,31000
Central African Republic,1993,150000,32000
Central African Republic,1994,160000,29000
Central African Republic,1995,170000,25000
Central African Republic,1996,170000,22000
Central African Republic,1997,170000,20000
Central African Republic,1998,180000,18000
Central African Republic,1999,180000,17000
Central African Republic,2000,170000,15000
Central African Republic,2001,170000,14000
Central African Republic,2002,170000,13000
Central African Republic,2003,160000,11000
Central African Republic,2004,160000,10000
Central African Republic,2005,150000,9200
Central African Republic,2006,150000,8100
Central African Republic,2007,140000,6800
Central African Republic,2008,140000,6000
Central African Republic,2009,130000,5200
Canada,1990,35000,NA
Canada,1991,36000,NA
Canada,1992,38000,NA
Canada,1993,39000,NA
Canada,1994,40000,NA
Canada,1995,40000,NA
Canada,1996,41000,NA
Canada,1997,42000,NA
Canada,1998,43000,NA
Canada,1999,45000,NA
Canada,2000,47000,NA
Canada,2001,48000,NA
Canada,2002,51000,NA
Canada,2003,53000,NA
Canada,2004,55000,NA
Canada,2005,57000,NA
Canada,2006,59000,NA
Canada,2007,62000,NA
Canada,2008,64000,NA
Canada,2009,67000,NA
Switzerland,1990,7900,NA
Switzerland,1991,9000,NA
Switzerland,1992,10000,NA
Switzerland,1993,11000,NA
Switzerland,1994,11000,NA
Switzerland,1995,12000,NA
Switzerland,1996,12000,NA
Switzerland,1997,12000,NA
Switzerland,1998,13000,NA
Switzerland,1999,13000,NA
Switzerland,2000,13000,NA
Switzerland,2001,14000,NA
Switzerland,2002,14000,NA
Switzerland,2003,15000,NA
Switzerland,2004,16000,NA
Switzerland,2005,16000,NA
Switzerland,2006,17000,NA
Switzerland,2007,18000,NA
Switzerland,2008,19000,NA
Switzerland,2009,19000,NA
Chile,1990,5300,NA
Chile,1991,6700,NA
Chile,1992,8700,NA
Chile,1993,11000,NA
Chile,1994,15000,NA
Chile,1995,19000,NA
Chile,1996,24000,NA
Chile,1997,28000,NA
Chile,1998,33000,NA
Chile,1999,37000,NA
Chile,2000,40000,NA
Chile,2001,42000,NA
Chile,2002,44000,NA
Chile,2003,46000,NA
Chile,2004,47000,NA
Chile,2005,48000,NA
Chile,2006,49000,NA
Chile,2007,49000,NA
Chile,2008,50000,NA
Chile,2009,50000,NA
China,1990,NA,NA
China,1991,NA,NA
China,1992,NA,NA
China,1993,NA,NA
China,1994,NA,NA
China,1995,NA,NA
China,1996,NA,NA
China,1997,NA,NA
China,1998,NA,NA
China,1999,NA,NA
China,2000,NA,NA
China,2001,NA,NA
China,2002,NA,NA
China,2003,NA,NA
China,2004,NA,NA
China,2005,NA,NA
China,2006,NA,NA
China,2007,NA,NA
China,2008,NA,NA
China,2009,NA,NA
Cote d'Ivoire,1990,350000,52000
Cote d'Ivoire,1991,4e+05,72000
Cote d'Ivoire,1992,440000,90000
Cote d'Ivoire,1993,480000,99000
Cote d'Ivoire,1994,520000,98000
Cote d'Ivoire,1995,540000,89000
Cote d'Ivoire,1996,570000,78000
Cote d'Ivoire,1997,580000,68000
Cote d'Ivoire,1998,590000,61000
Cote d'Ivoire,1999,590000,55000
Cote d'Ivoire,2000,580000,50000
Cote d'Ivoire,2001,560000,46000
Cote d'Ivoire,2002,540000,42000
Cote d'Ivoire,2003,520000,38000
Cote d'Ivoire,2004,490000,35000
Cote d'Ivoire,2005,470000,30000
Cote d'Ivoire,2006,440000,27000
Cote d'Ivoire,2007,420000,24000
Cote d'Ivoire,2008,4e+05,21000
Cote d'Ivoire,2009,380000,17000
Cameroon,1990,61000,21000
Cameroon,1991,85000,27000
Cameroon,1992,110000,33000
Cameroon,1993,150000,40000
Cameroon,1994,190000,46000
Cameroon,1995,230000,51000
Cameroon,1996,270000,56000
Cameroon,1997,310000,59000
Cameroon,1998,350000,61000
Cameroon,1999,390000,61000
Cameroon,2000,420000,59000
Cameroon,2001,450000,57000
Cameroon,2002,470000,58000
Cameroon,2003,490000,58000
Cameroon,2004,5e+05,56000
Cameroon,2005,520000,54000
Cameroon,2006,530000,52000
Cameroon,2007,540000,50000
Cameroon,2008,540000,47000
Cameroon,2009,550000,46000
"Congo, Rep.",1990,63000,8400
"Congo, Rep.",1991,68000,6500
"Congo, Rep.",1992,71000,5700
"Congo, Rep.",1993,73000,5600
"Congo, Rep.",1994,74000,5800
"Congo, Rep.",1995,75000,6000
"Congo, Rep.",1996,75000,6300
"Congo, Rep.",1997,75000,6600
"Congo, Rep.",1998,75000,6900
"Congo, Rep.",1999,75000,7100
"Congo, Rep.",2000,74000,7300
"Congo, Rep.",2001,74000,7500
"Congo, Rep.",2002,74000,7500
"Congo, Rep.",2003,74000,7500
"Congo, Rep.",2004,74000,7500
"Congo, Rep.",2005,74000,7100
"Congo, Rep.",2006,75000,6600
"Congo, Rep.",2007,76000,6500
"Congo, Rep.",2008,77000,6600
"Congo, Rep.",2009,79000,6500
Colombia,1990,47000,NA
Colombia,1991,60000,NA
Colombia,1992,72000,NA
Colombia,1993,84000,NA
Colombia,1994,93000,NA
Colombia,1995,1e+05,NA
Colombia,1996,110000,NA
Colombia,1997,110000,NA
Colombia,1998,120000,NA
Colombia,1999,130000,NA
Colombia,2000,130000,NA
Colombia,2001,130000,NA
Colombia,2002,140000,NA
Colombia,2003,140000,NA
Colombia,2004,140000,NA
Colombia,2005,140000,NA
Colombia,2006,150000,NA
Colombia,2007,150000,NA
Colombia,2008,150000,NA
Colombia,2009,150000,NA
Comoros,1990,60,NA
Comoros,1991,60,NA
Comoros,1992,60,NA
Comoros,1993,60,NA
Comoros,1994,60,NA
Comoros,1995,60,NA
Comoros,1996,60,NA
Comoros,1997,60,NA
Comoros,1998,60,NA
Comoros,1999,60,NA
Comoros,2000,60,NA
Comoros,2001,60,NA
Comoros,2002,60,NA
Comoros,2003,160,NA
Comoros,2004,160,NA
Comoros,2005,160,NA
Comoros,2006,160,NA
Comoros,2007,160,NA
Comoros,2008,350,NA
Comoros,2009,350,NA
Cape Verde,1990,1400,NA
Cape Verde,1991,1600,NA
Cape Verde,1992,1700,NA
Cape Verde,1993,1800,NA
Cape Verde,1994,1900,NA
Cape Verde,1995,2100,NA
Cape Verde,1996,2200,NA
Cape Verde,1997,2300,NA
Cape Verde,1998,2400,NA
Cape Verde,1999,2500,NA
Cape Verde,2000,2600,NA
Cape Verde,2001,2700,NA
Cape Verde,2002,2800,NA
Cape Verde,2003,2900,NA
Cape Verde,2004,3000,NA
Cape Verde,2005,3000,NA
Cape Verde,2006,3100,NA
Cape Verde,2007,3200,NA
Cape Verde,2008,3200,NA
Cape Verde,2009,3200,NA
Costa Rica,1990,1200,NA
Costa Rica,1991,1400,NA
Costa Rica,1992,1700,NA
Costa Rica,1993,1900,NA
Costa Rica,1994,2300,NA
Costa Rica,1995,2600,NA
Costa Rica,1996,2900,NA
Costa Rica,1997,3300,NA
Costa Rica,1998,3700,NA
Costa Rica,1999,4100,NA
Costa Rica,2000,4500,NA
Costa Rica,2001,5000,NA
Costa Rica,2002,5500,NA
Costa Rica,2003,6000,NA
Costa Rica,2004,6500,NA
Costa Rica,2005,6900,NA
Costa Rica,2006,7300,NA
Costa Rica,2007,7700,NA
Costa Rica,2008,8100,NA
Costa Rica,2009,8400,NA
Cuba,1990,1100,NA
Cuba,1991,1200,NA
Cuba,1992,1300,NA
Cuba,1993,1400,NA
Cuba,1994,1600,NA
Cuba,1995,1800,NA
Cuba,1996,2000,NA
Cuba,1997,2200,NA
Cuba,1998,2500,NA
Cuba,1999,2800,NA
Cuba,2000,3100,NA
Cuba,2001,3600,NA
Cuba,2002,4100,NA
Cuba,2003,4700,NA
Cuba,2004,5400,NA
Cuba,2005,6200,NA
Cuba,2006,7100,NA
Cuba,2007,8100,NA
Cuba,2008,9300,NA
Cuba,2009,11000,NA
Czech Republic,1990,160,NA
Czech Republic,1991,350,NA
Czech Republic,1992,350,NA
Czech Republic,1993,350,NA
Czech Republic,1994,600,NA
Czech Republic,1995,600,NA
Czech Republic,1996,600,NA
Czech Republic,1997,600,NA
Czech Republic,1998,1000,NA
Czech Republic,1999,1100,NA
Czech Republic,2000,1300,NA
Czech Republic,2001,1400,NA
Czech Republic,2002,1500,NA
Czech Republic,2003,1600,NA
Czech Republic,2004,1600,NA
Czech Republic,2005,1700,NA
Czech Republic,2006,1800,NA
Czech Republic,2007,1800,NA
Czech Republic,2008,1900,NA
Czech Republic,2009,2000,NA
Germany,1990,34000,NA
Germany,1991,35000,NA
Germany,1992,36000,NA
Germany,1993,36000,NA
Germany,1994,36000,NA
Germany,1995,36000,NA
Germany,1996,37000,NA
Germany,1997,38000,NA
Germany,1998,39000,NA
Germany,1999,41000,NA
Germany,2000,42000,NA
Germany,2001,44000,NA
Germany,2002,47000,NA
Germany,2003,49000,NA
Germany,2004,52000,NA
Germany,2005,56000,NA
Germany,2006,59000,NA
Germany,2007,62000,NA
Germany,2008,65000,NA
Germany,2009,68000,NA
Djibouti,1990,1800,600
Djibouti,1991,2700,600
Djibouti,1992,3900,1100
Djibouti,1993,5100,1300
Djibouti,1994,6400,1400
Djibouti,1995,7700,1500
Djibouti,1996,8900,1500
Djibouti,1997,10000,1500
Djibouti,1998,11000,1400
Djibouti,1999,12000,1400
Djibouti,2000,12000,1300
Djibouti,2001,12000,1300
Djibouti,2002,12000,1300
Djibouti,2003,12000,1300
Djibouti,2004,11000,1200
Djibouti,2005,11000,1200
Djibouti,2006,11000,1200
Djibouti,2007,10000,1300
Djibouti,2008,10000,1300
Djibouti,2009,9700,1300
NA,1990,1300,NA
NA,1991,1500,NA
NA,1992,1600,NA
NA,1993,1700,NA
NA,1994,1900,NA
NA,1995,2000,NA
NA,1996,2200,NA
NA,1997,2400,NA
NA,1998,2700,NA
NA,1999,2900,NA
NA,2000,3200,NA
NA,2001,3500,NA
NA,2002,3700,NA
NA,2003,4000,NA
NA,2004,4300,NA
NA,2005,4500,NA
NA,2006,4800,NA
NA,2007,5100,NA
NA,2008,5300,NA
NA,2009,5600,NA
Dominican Republic,1990,16000,5200
Dominican Republic,1991,21000,5700
Dominican Republic,1992,27000,6100
Dominican Republic,1993,32000,6400
Dominican Republic,1994,36000,6500
Dominican Republic,1995,41000,6300
Dominican Republic,1996,44000,6000
Dominican Republic,1997,47000,5600
Dominican Republic,1998,49000,5200
Dominican Republic,1999,50000,5200
Dominican Republic,2000,51000,5100
Dominican Republic,2001,52000,4900
Dominican Republic,2002,52000,4600
Dominican Republic,2003,51000,4400
Dominican Republic,2004,50000,3900
Dominican Republic,2005,49000,3600
Dominican Republic,2006,48000,3100
Dominican Republic,2007,47000,2600
Dominican Republic,2008,46000,2200
Dominican Republic,2009,45000,1800
Ecuador,1990,12000,NA
Ecuador,1991,13000,NA
Ecuador,1992,15000,NA
Ecuador,1993,16000,NA
Ecuador,1994,18000,NA
Ecuador,1995,20000,NA
Ecuador,1996,22000,NA
Ecuador,1997,24000,NA
Ecuador,1998,26000,NA
Ecuador,1999,28000,NA
Ecuador,2000,30000,NA
Ecuador,2001,32000,NA
Ecuador,2002,33000,NA
Ecuador,2003,34000,NA
Ecuador,2004,34000,NA
Ecuador,2005,35000,NA
Ecuador,2006,35000,NA
Ecuador,2007,35000,NA
Ecuador,2008,34000,NA
Ecuador,2009,34000,NA
Egypt,1990,600,NA
Egypt,1991,600,NA
Egypt,1992,600,NA
Egypt,1993,1200,NA
Egypt,1994,1700,NA
Egypt,1995,2300,NA
Egypt,1996,3100,NA
Egypt,1997,4300,NA
Egypt,1998,5700,NA
Egypt,1999,7300,NA
Egypt,2000,8400,NA
Egypt,2001,9100,NA
Egypt,2002,9300,NA
Egypt,2003,9100,NA
Egypt,2004,8800,NA
Egypt,2005,8400,NA
Egypt,2006,8100,NA
Egypt,2007,8000,NA
Egypt,2008,8000,NA
Egypt,2009,8300,NA
Eritrea,1990,2500,1800
Eritrea,1991,3200,2400
Eritrea,1992,4200,3100
Eritrea,1993,6000,3500
Eritrea,1994,8800,3700
Eritrea,1995,12000,3600
Eritrea,1996,16000,3400
Eritrea,1997,18000,3100
Eritrea,1998,20000,2900
Eritrea,1999,21000,2700
Eritrea,2000,22000,2600
Eritrea,2001,23000,2400
Eritrea,2002,24000,2300
Eritrea,2003,24000,2200
Eritrea,2004,24000,2100
Eritrea,2005,24000,1900
Eritrea,2006,24000,1600
Eritrea,2007,24000,1500
Eritrea,2008,24000,1400
Eritrea,2009,23000,1300
Spain,1990,84000,NA
Spain,1991,94000,NA
Spain,1992,1e+05,NA
Spain,1993,110000,NA
Spain,1994,110000,NA
Spain,1995,110000,NA
Spain,1996,110000,NA
Spain,1997,110000,NA
Spain,1998,120000,NA
Spain,1999,120000,NA
Spain,2000,120000,NA
Spain,2001,120000,NA
Spain,2002,120000,NA
Spain,2003,130000,NA
Spain,2004,130000,NA
Spain,2005,130000,NA
Spain,2006,130000,NA
Spain,2007,140000,NA
Spain,2008,140000,NA
Spain,2009,140000,NA
Estonia,1990,60,NA
Estonia,1991,160,NA
Estonia,1992,350,NA
Estonia,1993,350,NA
Estonia,1994,350,NA
Estonia,1995,600,NA
Estonia,1996,600,NA
Estonia,1997,1400,NA
Estonia,1998,1900,NA
Estonia,1999,2700,NA
Estonia,2000,3600,NA
Estonia,2001,4700,NA
Estonia,2002,5700,NA
Estonia,2003,6700,NA
Estonia,2004,7500,NA
Estonia,2005,8100,NA
Estonia,2006,8600,NA
Estonia,2007,9000,NA
Estonia,2008,9300,NA
Estonia,2009,9500,NA
Ethiopia,1990,330000,91000
Ethiopia,1991,430000,120000
Ethiopia,1992,550000,140000
Ethiopia,1993,670000,160000
Ethiopia,1994,790000,160000
Ethiopia,1995,910000,170000
Ethiopia,1996,1e+06,170000
Ethiopia,1997,1100000,170000
Ethiopia,1998,1200000,160000
Ethiopia,1999,1200000,150000
Ethiopia,2000,1300000,140000
Ethiopia,2001,1300000,130000
Ethiopia,2002,1300000,110000
Ethiopia,2003,1200000,85000
Ethiopia,2004,1200000,70000
Ethiopia,2005,1100000,60000
Ethiopia,2006,1100000,50000
Ethiopia,2007,990000,42000
Ethiopia,2008,930000,36000
Ethiopia,2009,870000,32000
Finland,1990,600,NA
Finland,1991,600,NA
Finland,1992,600,NA
Finland,1993,600,NA
Finland,1994,600,NA
Finland,1995,1000,NA
Finland,1996,1100,NA
Finland,1997,1200,NA
Finland,1998,1300,NA
Finland,1999,1500,NA
Finland,2000,1600,NA
Finland,2001,1700,NA
Finland,2002,1800,NA
Finland,2003,2000,NA
Finland,2004,2100,NA
Finland,2005,2200,NA
Finland,2006,2300,NA
Finland,2007,2400,NA
Finland,2008,2600,NA
Finland,2009,2700,NA
Fiji,1990,60,NA
Fiji,1991,60,NA
Fiji,1992,60,NA
Fiji,1993,60,NA
Fiji,1994,60,NA
Fiji,1995,60,NA
Fiji,1996,60,NA
Fiji,1997,60,NA
Fiji,1998,60,NA
Fiji,1999,60,NA
Fiji,2000,60,NA
Fiji,2001,60,NA
Fiji,2002,60,NA
Fiji,2003,60,NA
Fiji,2004,60,NA
Fiji,2005,60,NA
Fiji,2006,160,NA
Fiji,2007,160,NA
Fiji,2008,160,NA
Fiji,2009,160,NA
France,1990,1e+05,5900
France,1991,98000,6500
France,1992,97000,7000
France,1993,96000,7200
France,1994,96000,7600
France,1995,96000,7900
France,1996,98000,8000
France,1997,1e+05,7600
France,1998,110000,7100
France,1999,110000,6700
France,2000,120000,5900
France,2001,120000,5300
France,2002,120000,5300
France,2003,130000,5300
France,2004,130000,5300
France,2005,130000,5300
France,2006,140000,5300
France,2007,140000,5300
France,2008,150000,5300
France,2009,150000,5900
Gabon,1990,5500,1400
Gabon,1991,6900,1700
Gabon,1992,8700,2100
Gabon,1993,11000,2500
Gabon,1994,13000,3000
Gabon,1995,16000,3500
Gabon,1996,19000,4000
Gabon,1997,22000,4400
Gabon,1998,26000,4700
Gabon,1999,29000,4900
Gabon,2000,32000,5000
Gabon,2001,35000,4900
Gabon,2002,38000,4800
Gabon,2003,39000,4500
Gabon,2004,41000,4300
Gabon,2005,42000,4000
Gabon,2006,43000,3700
Gabon,2007,44000,3500
Gabon,2008,45000,3500
Gabon,2009,45000,3400
United Kingdom,1990,23000,NA
United Kingdom,1991,24000,NA
United Kingdom,1992,25000,NA
United Kingdom,1993,26000,NA
United Kingdom,1994,27000,NA
United Kingdom,1995,28000,NA
United Kingdom,1996,29000,NA
United Kingdom,1997,32000,NA
United Kingdom,1998,35000,NA
United Kingdom,1999,38000,NA
United Kingdom,2000,42000,NA
United Kingdom,2001,46000,NA
United Kingdom,2002,54000,NA
United Kingdom,2003,58000,NA
United Kingdom,2004,64000,NA
United Kingdom,2005,70000,NA
United Kingdom,2006,76000,NA
United Kingdom,2007,81000,NA
United Kingdom,2008,86000,NA
United Kingdom,2009,89000,NA
Georgia,1990,350,160
Georgia,1991,350,60
Georgia,1992,350,60
Georgia,1993,350,60
Georgia,1994,350,60
Georgia,1995,350,60
Georgia,1996,600,160
Georgia,1997,600,160
Georgia,1998,600,160
Georgia,1999,600,160
Georgia,2000,600,350
Georgia,2001,1100,350
Georgia,2002,1300,350
Georgia,2003,1500,350
Georgia,2004,1800,350
Georgia,2005,2000,350
Georgia,2006,2400,350
Georgia,2007,2800,750
Georgia,2008,3200,750
Georgia,2009,3700,750
Ghana,1990,81000,19000
Ghana,1991,98000,21000
Ghana,1992,120000,24000
Ghana,1993,130000,26000
Ghana,1994,150000,27000
Ghana,1995,170000,28000
Ghana,1996,190000,29000
Ghana,1997,2e+05,29000
Ghana,1998,220000,30000
Ghana,1999,230000,28000
Ghana,2000,240000,28000
Ghana,2001,250000,28000
Ghana,2002,250000,27000
Ghana,2003,260000,26000
Ghana,2004,260000,23000
Ghana,2005,250000,21000
Ghana,2006,250000,20000
Ghana,2007,250000,18000
Ghana,2008,240000,17000
Ghana,2009,240000,15000
Guinea,1990,23000,9400
Guinea,1991,27000,10000
Guinea,1992,32000,11000
Guinea,1993,38000,10000
Guinea,1994,43000,9800
Guinea,1995,48000,9100
Guinea,1996,53000,8600
Guinea,1997,58000,8200
Guinea,1998,62000,7900
Guinea,1999,66000,7800
Guinea,2000,69000,7700
Guinea,2001,72000,7700
Guinea,2002,75000,7700
Guinea,2003,77000,7700
Guinea,2004,78000,7700
Guinea,2005,80000,7500
Guinea,2006,81000,7000
Guinea,2007,82000,6400
Guinea,2008,83000,6400
Guinea,2009,83000,6200
Gambia,1990,600,160
Gambia,1991,600,350
Gambia,1992,1000,350
Gambia,1993,1200,350
Gambia,1994,1500,350
Gambia,1995,1900,350
Gambia,1996,2300,750
Gambia,1997,2800,750
Gambia,1998,3300,750
Gambia,1999,4000,750
Gambia,2000,4800,1100
Gambia,2001,5700,1200
Gambia,2002,6700,1400
Gambia,2003,7700,1500
Gambia,2004,8800,1600
Gambia,2005,9800,1600
Gambia,2006,11000,1600
Gambia,2007,11000,1500
Gambia,2008,12000,1500
Gambia,2009,13000,1400
Guinea-Bissau,1990,1500,350
Guinea-Bissau,1991,1800,350
Guinea-Bissau,1992,2200,750
Guinea-Bissau,1993,2700,750
Guinea-Bissau,1994,3300,750
Guinea-Bissau,1995,3900,750
Guinea-Bissau,1996,4700,1000
Guinea-Bissau,1997,5500,1200
Guinea-Bissau,1998,6500,1300
Guinea-Bissau,1999,7500,1500
Guinea-Bissau,2000,8600,1700
Guinea-Bissau,2001,9800,1800
Guinea-Bissau,2002,11000,1900
Guinea-Bissau,2003,12000,2100
Guinea-Bissau,2004,14000,2200
Guinea-Bissau,2005,15000,2300
Guinea-Bissau,2006,16000,2500
Guinea-Bissau,2007,17000,2600
Guinea-Bissau,2008,19000,2700
Guinea-Bissau,2009,20000,2700
Equatorial Guinea,1990,2000,NA
Equatorial Guinea,1991,2300,NA
Equatorial Guinea,1992,2700,NA
Equatorial Guinea,1993,3000,NA
Equatorial Guinea,1994,3400,NA
Equatorial Guinea,1995,3900,NA
Equatorial Guinea,1996,4400,NA
Equatorial Guinea,1997,4900,NA
Equatorial Guinea,1998,5500,NA
Equatorial Guinea,1999,6200,NA
Equatorial Guinea,2000,7000,NA
Equatorial Guinea,2001,7900,NA
Equatorial Guinea,2002,8800,NA
Equatorial Guinea,2003,9800,NA
Equatorial Guinea,2004,11000,NA
Equatorial Guinea,2005,12000,NA
Equatorial Guinea,2006,13000,NA
Equatorial Guinea,2007,14000,NA
Equatorial Guinea,2008,16000,NA
Equatorial Guinea,2009,17000,NA
Greece,1990,5500,NA
Greece,1991,5700,NA
Greece,1992,6000,NA
Greece,1993,6100,NA
Greece,1994,6300,NA
Greece,1995,6400,NA
Greece,1996,6600,NA
Greece,1997,6900,NA
Greece,1998,7300,NA
Greece,1999,7700,NA
Greece,2000,8100,NA
Greece,2001,8500,NA
Greece,2002,8800,NA
Greece,2003,9100,NA
Greece,2004,9300,NA
Greece,2005,9500,NA
Greece,2006,9700,NA
Greece,2007,9900,NA
Greece,2008,10000,NA
Greece,2009,10000,NA
Guatemala,1990,5400,NA
Guatemala,1991,6800,NA
Guatemala,1992,8500,NA
Guatemala,1993,10000,NA
Guatemala,1994,13000,NA
Guatemala,1995,15000,NA
Guatemala,1996,17000,NA
Guatemala,1997,20000,NA
Guatemala,1998,22000,NA
Guatemala,1999,24000,NA
Guatemala,2000,26000,NA
Guatemala,2001,28000,NA
Guatemala,2002,29000,NA
Guatemala,2003,31000,NA
Guatemala,2004,34000,NA
Guatemala,2005,36000,NA
Guatemala,2006,39000,NA
Guatemala,2007,43000,NA
Guatemala,2008,47000,NA
Guatemala,2009,52000,NA
Guyana,1990,2700,NA
Guyana,1991,3300,NA
Guyana,1992,4000,NA
Guyana,1993,4700,NA
Guyana,1994,5500,NA
Guyana,1995,6300,NA
Guyana,1996,7100,NA
Guyana,1997,7800,NA
Guyana,1998,8400,NA
Guyana,1999,8700,NA
Guyana,2000,8900,NA
Guyana,2001,8900,NA
Guyana,2002,8700,NA
Guyana,2003,8500,NA
Guyana,2004,8100,NA
Guyana,2005,7800,NA
Guyana,2006,7400,NA
Guyana,2007,7200,NA
Guyana,2008,6900,NA
Guyana,2009,6600,NA
Honduras,1990,35000,NA
Honduras,1991,49000,NA
Honduras,1992,61000,NA
Honduras,1993,71000,NA
Honduras,1994,77000,NA
Honduras,1995,81000,NA
Honduras,1996,81000,NA
Honduras,1997,80000,NA
Honduras,1998,77000,NA
Honduras,1999,73000,NA
Honduras,2000,69000,NA
Honduras,2001,64000,NA
Honduras,2002,59000,NA
Honduras,2003,55000,NA
Honduras,2004,50000,NA
Honduras,2005,47000,NA
Honduras,2006,44000,NA
Honduras,2007,41000,NA
Honduras,2008,38000,NA
Honduras,2009,36000,NA
Croatia,1990,160,NA
Croatia,1991,160,NA
Croatia,1992,160,NA
Croatia,1993,350,NA
Croatia,1994,350,NA
Croatia,1995,350,NA
Croatia,1996,350,NA
Croatia,1997,350,NA
Croatia,1998,600,NA
Croatia,1999,600,NA
Croatia,2000,600,NA
Croatia,2001,600,NA
Croatia,2002,600,NA
Croatia,2003,600,NA
Croatia,2004,600,NA
Croatia,2005,600,NA
Croatia,2006,600,NA
Croatia,2007,600,NA
Croatia,2008,1000,NA
Croatia,2009,1100,NA
Haiti,1990,1e+05,19000
Haiti,1991,110000,18000
Haiti,1992,120000,16000
Haiti,1993,130000,14000
Haiti,1994,130000,13000
Haiti,1995,130000,13000
Haiti,1996,130000,12000
Haiti,1997,130000,13000
Haiti,1998,130000,13000
Haiti,1999,130000,12000
Haiti,2000,130000,12000
Haiti,2001,130000,12000
Haiti,2002,130000,12000
Haiti,2003,130000,11000
Haiti,2004,120000,11000
Haiti,2005,120000,11000
Haiti,2006,120000,9900
Haiti,2007,120000,8600
Haiti,2008,120000,7900
Haiti,2009,120000,7200
Hungary,1990,5500,NA
Hungary,1991,5300,NA
Hungary,1992,5000,NA
Hungary,1993,4700,NA
Hungary,1994,4400,NA
Hungary,1995,4100,NA
Hungary,1996,3900,NA
Hungary,1997,3700,NA
Hungary,1998,3600,NA
Hungary,1999,3500,NA
Hungary,2000,3400,NA
Hungary,2001,3400,NA
Hungary,2002,3400,NA
Hungary,2003,3400,NA
Hungary,2004,3400,NA
Hungary,2005,3500,NA
Hungary,2006,3500,NA
Hungary,2007,3600,NA
Hungary,2008,3700,NA
Hungary,2009,3800,NA
Indonesia,1990,60,60
Indonesia,1991,60,60
Indonesia,1992,60,60
Indonesia,1993,60,60
Indonesia,1994,160,160
Indonesia,1995,350,160
Indonesia,1996,600,350
Indonesia,1997,1000,750
Indonesia,1998,1900,750
Indonesia,1999,3500,1600
Indonesia,2000,6100,2800
Indonesia,2001,12000,5600
Indonesia,2002,26000,15000
Indonesia,2003,57000,32000
Indonesia,2004,1e+05,46000
Indonesia,2005,140000,46000
Indonesia,2006,180000,43000
Indonesia,2007,220000,44000
Indonesia,2008,260000,46000
Indonesia,2009,3e+05,49000
India,1990,250000,92000
India,1991,380000,130000
India,1992,550000,180000
India,1993,770000,240000
India,1994,1e+06,280000
India,1995,1300000,310000
India,1996,1600000,320000
India,1997,1800000,330000
India,1998,2e+06,330000
India,1999,2300000,320000
India,2000,2400000,290000
India,2001,2500000,260000
India,2002,2600000,230000
India,2003,2600000,210000
India,2004,2600000,2e+05
India,2005,2580000,180000
India,2006,2540000,170000
India,2007,2490000,160000
India,2008,2440000,150000
India,2009,2400000,140000
Ireland,1990,600,NA
Ireland,1991,600,NA
Ireland,1992,1100,NA
Ireland,1993,1400,NA
Ireland,1994,1800,NA
Ireland,1995,2200,NA
Ireland,1996,2700,NA
Ireland,1997,3100,NA
Ireland,1998,3600,NA
Ireland,1999,4000,NA
Ireland,2000,4400,NA
Ireland,2001,4800,NA
Ireland,2002,5100,NA
Ireland,2003,5500,NA
Ireland,2004,5800,NA
Ireland,2005,6100,NA
Ireland,2006,6400,NA
Ireland,2007,6700,NA
Ireland,2008,7000,NA
Ireland,2009,7300,NA
Iran,1990,2800,NA
Iran,1991,3600,NA
Iran,1992,4800,NA
Iran,1993,6900,NA
Iran,1994,10000,NA
Iran,1995,15000,NA
Iran,1996,22000,NA
Iran,1997,29000,NA
Iran,1998,37000,NA
Iran,1999,44000,NA
Iran,2000,51000,NA
Iran,2001,56000,NA
Iran,2002,61000,NA
Iran,2003,66000,NA
Iran,2004,71000,NA
Iran,2005,75000,NA
Iran,2006,78000,NA
Iran,2007,82000,NA
Iran,2008,85000,NA
Iran,2009,89000,NA
Iceland,1990,60,NA
Iceland,1991,60,NA
Iceland,1992,60,NA
Iceland,1993,160,NA
Iceland,1994,160,NA
Iceland,1995,160,NA
Iceland,1996,160,NA
Iceland,1997,350,NA
Iceland,1998,350,NA
Iceland,1999,350,NA
Iceland,2000,350,NA
Iceland,2001,350,NA
Iceland,2002,350,NA
Iceland,2003,350,NA
Iceland,2004,350,NA
Iceland,2005,350,NA
Iceland,2006,350,NA
Iceland,2007,350,NA
Iceland,2008,350,NA
Iceland,2009,350,NA
Israel,1990,1200,NA
Israel,1991,1500,NA
Israel,1992,2000,NA
Israel,1993,2400,NA
Israel,1994,2900,NA
Israel,1995,3300,NA
Israel,1996,3700,NA
Israel,1997,4100,NA
Israel,1998,4500,NA
Israel,1999,4900,NA
Israel,2000,5200,NA
Israel,2001,5500,NA
Israel,2002,5800,NA
Israel,2003,6100,NA
Israel,2004,6400,NA
Israel,2005,6700,NA
Israel,2006,7000,NA
Israel,2007,7400,NA
Israel,2008,7700,NA
Israel,2009,8000,NA
Italy,1990,110000,NA
Italy,1991,110000,NA
Italy,1992,110000,NA
Italy,1993,110000,NA
Italy,1994,110000,NA
Italy,1995,120000,NA
Italy,1996,120000,NA
Italy,1997,120000,NA
Italy,1998,120000,NA
Italy,1999,130000,NA
Italy,2000,130000,NA
Italy,2001,130000,NA
Italy,2002,130000,NA
Italy,2003,130000,NA
Italy,2004,130000,NA
Italy,2005,140000,NA
Italy,2006,140000,NA
Italy,2007,140000,NA
Italy,2008,140000,NA
Italy,2009,150000,NA
Jamaica,1990,12000,3800
Jamaica,1991,16000,4500
Jamaica,1992,20000,5100
Jamaica,1993,24000,5500
Jamaica,1994,28000,5500
Jamaica,1995,32000,5200
Jamaica,1996,34000,4800
Jamaica,1997,36000,4300
Jamaica,1998,37000,3800
Jamaica,1999,37000,3400
Jamaica,2000,37000,3300
Jamaica,2001,36000,2900
Jamaica,2002,35000,2800
Jamaica,2003,35000,3000
Jamaica,2004,34000,3000
Jamaica,2005,33000,2500
Jamaica,2006,32000,2400
Jamaica,2007,31000,2400
Jamaica,2008,31000,2200
Jamaica,2009,30000,2100
Japan,1990,5300,NA
Japan,1991,5400,NA
Japan,1992,5500,NA
Japan,1993,5600,NA
Japan,1994,5600,NA
Japan,1995,5700,NA
Japan,1996,5800,NA
Japan,1997,5900,NA
Japan,1998,5900,NA
Japan,1999,6000,NA
Japan,2000,6100,NA
Japan,2001,6200,NA
Japan,2002,6300,NA
Japan,2003,6400,NA
Japan,2004,6600,NA
Japan,2005,6800,NA
Japan,2006,7000,NA
Japan,2007,7100,NA
Japan,2008,7400,NA
Japan,2009,7500,NA
Kazakhstan,1990,160,60
Kazakhstan,1991,160,60
Kazakhstan,1992,350,60
Kazakhstan,1993,350,160
Kazakhstan,1994,600,350
Kazakhstan,1995,1600,750
Kazakhstan,1996,3300,1800
Kazakhstan,1997,4800,1600
Kazakhstan,1998,6000,1500
Kazakhstan,1999,7100,1600
Kazakhstan,2000,8200,1500
Kazakhstan,2001,9200,1600
Kazakhstan,2002,9900,1400
Kazakhstan,2003,11000,1500
Kazakhstan,2004,11000,1700
Kazakhstan,2005,12000,1800
Kazakhstan,2006,13000,2000
Kazakhstan,2007,14000,2200
Kazakhstan,2008,15000,2300
Kazakhstan,2009,16000,2400
Kenya,1990,280000,120000
Kenya,1991,450000,170000
Kenya,1992,660000,240000
Kenya,1993,910000,280000
Kenya,1994,1100000,280000
Kenya,1995,1300000,250000
Kenya,1996,1500000,210000
Kenya,1997,1600000,170000
Kenya,1998,1600000,150000
Kenya,1999,1600000,140000
Kenya,2000,1600000,140000
Kenya,2001,1600000,140000
Kenya,2002,1600000,130000
Kenya,2003,1600000,130000
Kenya,2004,1500000,130000
Kenya,2005,1500000,120000
Kenya,2006,1500000,120000
Kenya,2007,1500000,130000
Kenya,2008,1500000,120000
Kenya,2009,1600000,120000
Kyrgyz Republic,1990,60,60
Kyrgyz Republic,1991,60,60
Kyrgyz Republic,1992,60,60
Kyrgyz Republic,1993,60,60
Kyrgyz Republic,1994,60,60
Kyrgyz Republic,1995,160,60
Kyrgyz Republic,1996,160,60
Kyrgyz Republic,1997,160,60
Kyrgyz Republic,1998,350,60
Kyrgyz Republic,1999,350,160
Kyrgyz Republic,2000,350,160
Kyrgyz Republic,2001,600,350
Kyrgyz Republic,2002,600,350
Kyrgyz Republic,2003,1200,350
Kyrgyz Republic,2004,1700,750
Kyrgyz Republic,2005,2400,750
Kyrgyz Republic,2006,3200,750
Kyrgyz Republic,2007,4300,1300
Kyrgyz Republic,2008,5700,1600
Kyrgyz Republic,2009,7500,2000
Cambodia,1990,23000,9200
Cambodia,1991,34000,11000
Cambodia,1992,45000,13000
Cambodia,1993,56000,13000
Cambodia,1994,66000,12000
Cambodia,1995,74000,11000
Cambodia,1996,80000,10000
Cambodia,1997,83000,9000
Cambodia,1998,86000,8700
Cambodia,1999,87000,7900
Cambodia,2000,87000,7100
Cambodia,2001,85000,6200
Cambodia,2002,82000,5400
Cambodia,2003,79000,4600
Cambodia,2004,75000,3800
Cambodia,2005,71000,3200
Cambodia,2006,69000,2500
Cambodia,2007,67000,2100
Cambodia,2008,66000,1900
Cambodia,2009,65000,1400
South Korea,1990,2600,NA
South Korea,1991,2700,NA
South Korea,1992,2900,NA
South Korea,1993,3000,NA
South Korea,1994,3100,NA
South Korea,1995,3200,NA
South Korea,1996,3300,NA
South Korea,1997,3400,NA
South Korea,1998,3600,NA
South Korea,1999,3900,NA
South Korea,2000,5600,NA
South Korea,2001,7200,NA
South Korea,2002,8600,NA
South Korea,2003,9900,NA
South Korea,2004,11000,NA
South Korea,2005,12000,NA
South Korea,2006,13000,NA
South Korea,2007,13000,NA
South Korea,2008,14000,NA
South Korea,2009,15000,NA
Lao,1990,60,NA
Lao,1991,160,NA
Lao,1992,160,NA
Lao,1993,350,NA
Lao,1994,600,NA
Lao,1995,600,NA
Lao,1996,600,NA
Lao,1997,1300,NA
Lao,1998,1700,NA
Lao,1999,2200,NA
Lao,2000,2700,NA
Lao,2001,3200,NA
Lao,2002,3800,NA
Lao,2003,4300,NA
Lao,2004,5000,NA
Lao,2005,5700,NA
Lao,2006,6400,NA
Lao,2007,7200,NA
Lao,2008,8000,NA
Lao,2009,8800,NA
Lebanon,1990,350,NA
Lebanon,1991,350,NA
Lebanon,1992,350,NA
Lebanon,1993,600,NA
Lebanon,1994,600,NA
Lebanon,1995,600,NA
Lebanon,1996,600,NA
Lebanon,1997,600,NA
Lebanon,1998,1000,NA
Lebanon,1999,1200,NA
Lebanon,2000,1300,NA
Lebanon,2001,1500,NA
Lebanon,2002,1600,NA
Lebanon,2003,1800,NA
Lebanon,2004,2000,NA
Lebanon,2005,2100,NA
Lebanon,2006,2300,NA
Lebanon,2007,2400,NA
Lebanon,2008,2500,NA
Lebanon,2009,2600,NA
Liberia,1990,6900,NA
Liberia,1991,8800,NA
Liberia,1992,11000,NA
Liberia,1993,13000,NA
Liberia,1994,16000,NA
Liberia,1995,19000,NA
Liberia,1996,23000,NA
Liberia,1997,27000,NA
Liberia,1998,31000,NA
Liberia,1999,35000,NA
Liberia,2000,37000,NA
Liberia,2001,39000,NA
Liberia,2002,39000,NA
Liberia,2003,39000,NA
Liberia,2004,38000,NA
Liberia,2005,37000,NA
Liberia,2006,35000,NA
Liberia,2007,33000,NA
Liberia,2008,31000,NA
Liberia,2009,29000,NA
Sri Lanka,1990,350,60
Sri Lanka,1991,600,160
Sri Lanka,1992,600,160
Sri Lanka,1993,600,160
Sri Lanka,1994,600,160
Sri Lanka,1995,600,160
Sri Lanka,1996,1100,160
Sri Lanka,1997,1200,350
Sri Lanka,1998,1400,350
Sri Lanka,1999,1500,350
Sri Lanka,2000,1700,350
Sri Lanka,2001,1900,350
Sri Lanka,2002,2100,350
Sri Lanka,2003,2400,350
Sri Lanka,2004,2600,350
Sri Lanka,2005,2800,350
Sri Lanka,2006,3000,350
Sri Lanka,2007,3300,350
Sri Lanka,2008,3500,350
Sri Lanka,2009,3700,350
Lesotho,1990,6000,3200
Lesotho,1991,12000,6200
Lesotho,1992,23000,12000
Lesotho,1993,42000,21000
Lesotho,1994,72000,32000
Lesotho,1995,110000,42000
Lesotho,1996,150000,46000
Lesotho,1997,190000,43000
Lesotho,1998,210000,36000
Lesotho,1999,230000,30000
Lesotho,2000,250000,27000
Lesotho,2001,250000,26000
Lesotho,2002,260000,26000
Lesotho,2003,270000,27000
Lesotho,2004,270000,28000
Lesotho,2005,270000,29000
Lesotho,2006,280000,29000
Lesotho,2007,290000,29000
Lesotho,2008,290000,29000
Lesotho,2009,3e+05,28000
Lithuania,1990,160,60
Lithuania,1991,160,60
Lithuania,1992,160,60
Lithuania,1993,350,60
Lithuania,1994,350,60
Lithuania,1995,350,60
Lithuania,1996,350,60
Lithuania,1997,350,60
Lithuania,1998,600,60
Lithuania,1999,600,120
Lithuania,2000,600,120
Lithuania,2001,600,120
Lithuania,2002,600,120
Lithuania,2003,1000,120
Lithuania,2004,1100,120
Lithuania,2005,1200,120
Lithuania,2006,1300,120
Lithuania,2007,1300,120
Lithuania,2008,1400,120
Lithuania,2009,1400,60
Luxembourg,1990,160,NA
Luxembourg,1991,160,NA
Luxembourg,1992,160,NA
Luxembourg,1993,350,NA
Luxembourg,1994,350,NA
Luxembourg,1995,350,NA
Luxembourg,1996,350,NA
Luxembourg,1997,350,NA
Luxembourg,1998,350,NA
Luxembourg,1999,600,NA
Luxembourg,2000,600,NA
Luxembourg,2001,600,NA
Luxembourg,2002,600,NA
Luxembourg,2003,600,NA
Luxembourg,2004,600,NA
Luxembourg,2005,600,NA
Luxembourg,2006,600,NA
Luxembourg,2007,600,NA
Luxembourg,2008,600,NA
Luxembourg,2009,600,NA
Latvia,1990,350,120
Latvia,1991,600,120
Latvia,1992,600,120
Latvia,1993,600,300
Latvia,1994,1100,300
Latvia,1995,1300,300
Latvia,1996,1700,300
Latvia,1997,2200,600
Latvia,1998,2700,600
Latvia,1999,3300,600
Latvia,2000,4100,600
Latvia,2001,4900,600
Latvia,2002,5700,1000
Latvia,2003,6500,1100
Latvia,2004,7200,1000
Latvia,2005,7800,600
Latvia,2006,8300,600
Latvia,2007,8600,600
Latvia,2008,8900,600
Latvia,2009,9000,600
Morocco,1990,1400,NA
Morocco,1991,1800,NA
Morocco,1992,2200,NA
Morocco,1993,2800,NA
Morocco,1994,3400,NA
Morocco,1995,4100,NA
Morocco,1996,5000,NA
Morocco,1997,6100,NA
Morocco,1998,7300,NA
Morocco,1999,8600,NA
Morocco,2000,10000,NA
Morocco,2001,12000,NA
Morocco,2002,13000,NA
Morocco,2003,15000,NA
Morocco,2004,17000,NA
Morocco,2005,19000,NA
Morocco,2006,21000,NA
Morocco,2007,23000,NA
Morocco,2008,25000,NA
Morocco,2009,27000,NA
Moldova,1990,600,160
Moldova,1991,600,160
Moldova,1992,600,350
Moldova,1993,1100,350
Moldova,1994,1400,350
Moldova,1995,1900,750
Moldova,1996,3400,1700
Moldova,1997,6900,3700
Moldova,1998,9500,3000
Moldova,1999,11000,1600
Moldova,2000,11000,1100
Moldova,2001,11000,1100
Moldova,2002,11000,1200
Moldova,2003,11000,1300
Moldova,2004,12000,1400
Moldova,2005,12000,1500
Moldova,2006,12000,1600
Moldova,2007,12000,1600
Moldova,2008,13000,1700
Moldova,2009,13000,1700
Madagascar,1990,7100,NA
Madagascar,1991,8200,NA
Madagascar,1992,9500,NA
Madagascar,1993,11000,NA
Madagascar,1994,12000,NA
Madagascar,1995,14000,NA
Madagascar,1996,15000,NA
Madagascar,1997,17000,NA
Madagascar,1998,18000,NA
Madagascar,1999,20000,NA
Madagascar,2000,21000,NA
Madagascar,2001,22000,NA
Madagascar,2002,23000,NA
Madagascar,2003,25000,NA
Madagascar,2004,26000,NA
Madagascar,2005,27000,NA
Madagascar,2006,28000,NA
Madagascar,2007,29000,NA
Madagascar,2008,30000,NA
Madagascar,2009,31000,NA
Maldives,1990,60,NA
Maldives,1991,60,NA
Maldives,1992,60,NA
Maldives,1993,60,NA
Maldives,1994,60,NA
Maldives,1995,60,NA
Maldives,1996,60,NA
Maldives,1997,60,NA
Maldives,1998,60,NA
Maldives,1999,60,NA
Maldives,2000,60,NA
Maldives,2001,60,NA
Maldives,2002,60,NA
Maldives,2003,60,NA
Maldives,2004,60,NA
Maldives,2005,60,NA
Maldives,2006,60,NA
Maldives,2007,60,NA
Maldives,2008,60,NA
Maldives,2009,60,NA
Mexico,1990,93000,11000
Mexico,1991,99000,12000
Mexico,1992,1e+05,12000
Mexico,1993,110000,12000
Mexico,1994,110000,12000
Mexico,1995,120000,12000
Mexico,1996,120000,13000
Mexico,1997,130000,13000
Mexico,1998,130000,13000
Mexico,1999,140000,13000
Mexico,2000,140000,13000
Mexico,2001,140000,12000
Mexico,2002,150000,12000
Mexico,2003,150000,12000
Mexico,2004,150000,12000
Mexico,2005,160000,12000
Mexico,2006,160000,11000
Mexico,2007,160000,11000
Mexico,2008,170000,12000
Mexico,2009,170000,11000
Mali,1990,49000,11000
Mali,1991,56000,12000
Mali,1992,64000,13000
Mali,1993,72000,13000
Mali,1994,79000,14000
Mali,1995,85000,14000
Mali,1996,91000,14000
Mali,1997,96000,14000
Mali,1998,1e+05,14000
Mali,1999,1e+05,13000
Mali,2000,110000,13000
Mali,2001,110000,12000
Mali,2002,110000,12000
Mali,2003,110000,12000
Mali,2004,110000,12000
Mali,2005,110000,11000
Mali,2006,110000,11000
Mali,2007,1e+05,10000
Mali,2008,1e+05,9800
Mali,2009,110000,9500
Malta,1990,60,NA
Malta,1991,60,NA
Malta,1992,60,NA
Malta,1993,60,NA
Malta,1994,160,NA
Malta,1995,160,NA
Malta,1996,160,NA
Malta,1997,160,NA
Malta,1998,160,NA
Malta,1999,160,NA
Malta,2000,350,NA
Malta,2001,350,NA
Malta,2002,350,NA
Malta,2003,350,NA
Malta,2004,350,NA
Malta,2005,350,NA
Malta,2006,350,NA
Malta,2007,350,NA
Malta,2008,350,NA
Malta,2009,350,NA
Myanmar,1990,34000,14000
Myanmar,1991,47000,13000
Myanmar,1992,59000,13000
Myanmar,1993,73000,16000
Myanmar,1994,87000,17000
Myanmar,1995,1e+05,19000
Myanmar,1996,120000,23000
Myanmar,1997,140000,25000
Myanmar,1998,160000,30000
Myanmar,1999,190000,32000
Myanmar,2000,210000,31000
Myanmar,2001,230000,28000
Myanmar,2002,240000,26000
Myanmar,2003,250000,24000
Myanmar,2004,250000,21000
Myanmar,2005,260000,18000
Myanmar,2006,250000,16000
Myanmar,2007,250000,14000
Myanmar,2008,240000,12000
Myanmar,2009,240000,11000
Mongolia,1990,60,NA
Mongolia,1991,60,NA
Mongolia,1992,60,NA
Mongolia,1993,60,NA
Mongolia,1994,60,NA
Mongolia,1995,60,NA
Mongolia,1996,60,NA
Mongolia,1997,60,NA
Mongolia,1998,60,NA
Mongolia,1999,60,NA
Mongolia,2000,60,NA
Mongolia,2001,60,NA
Mongolia,2002,60,NA
Mongolia,2003,60,NA
Mongolia,2004,60,NA
Mongolia,2005,160,NA
Mongolia,2006,160,NA
Mongolia,2007,350,NA
Mongolia,2008,350,NA
Mongolia,2009,350,NA
Mozambique,1990,24000,25000
Mozambique,1991,47000,33000
Mozambique,1992,90000,43000
Mozambique,1993,160000,55000
Mozambique,1994,250000,67000
Mozambique,1995,340000,79000
Mozambique,1996,430000,91000
Mozambique,1997,510000,1e+05
Mozambique,1998,590000,120000
Mozambique,1999,670000,130000
Mozambique,2000,760000,140000
Mozambique,2001,850000,150000
Mozambique,2002,930000,160000
Mozambique,2003,1e+06,150000
Mozambique,2004,1100000,150000
Mozambique,2005,1100000,150000
Mozambique,2006,1200000,140000
Mozambique,2007,1200000,140000
Mozambique,2008,1300000,130000
Mozambique,2009,1300000,130000
Mauritania,1990,3500,NA
Mauritania,1991,4000,NA
Mauritania,1992,4500,NA
Mauritania,1993,5100,NA
Mauritania,1994,5700,NA
Mauritania,1995,6300,NA
Mauritania,1996,6900,NA
Mauritania,1997,7500,NA
Mauritania,1998,8100,NA
Mauritania,1999,8700,NA
Mauritania,2000,9400,NA
Mauritania,2001,10000,NA
Mauritania,2002,11000,NA
Mauritania,2003,12000,NA
Mauritania,2004,12000,NA
Mauritania,2005,13000,NA
Mauritania,2006,15000,NA
Mauritania,2007,16000,NA
Mauritania,2008,18000,NA
Mauritania,2009,20000,NA
Mauritius,1990,350,NA
Mauritius,1991,350,NA
Mauritius,1992,600,NA
Mauritius,1993,600,NA
Mauritius,1994,1300,NA
Mauritius,1995,1800,NA
Mauritius,1996,2400,NA
Mauritius,1997,3100,NA
Mauritius,1998,3900,NA
Mauritius,1999,4800,NA
Mauritius,2000,5700,NA
Mauritius,2001,6600,NA
Mauritius,2002,7300,NA
Mauritius,2003,7800,NA
Mauritius,2004,8200,NA
Mauritius,2005,8400,NA
Mauritius,2006,8400,NA
Mauritius,2007,8300,NA
Mauritius,2008,8100,NA
Mauritius,2009,7900,NA
Malawi,1990,360000,79000
Malawi,1991,420000,85000
Malawi,1992,480000,88000
Malawi,1993,530000,89000
Malawi,1994,570000,88000
Malawi,1995,610000,90000
Malawi,1996,660000,96000
Malawi,1997,7e+05,1e+05
Malawi,1998,750000,1e+05
Malawi,1999,790000,1e+05
Malawi,2000,830000,1e+05
Malawi,2001,860000,1e+05
Malawi,2002,890000,1e+05
Malawi,2003,910000,1e+05
Malawi,2004,920000,96000
Malawi,2005,930000,90000
Malawi,2006,930000,82000
Malawi,2007,930000,73000
Malawi,2008,920000,63000
Malawi,2009,920000,58000
Malaysia,1990,11000,3100
Malaysia,1991,16000,4800
Malaysia,1992,21000,6500
Malaysia,1993,26000,7600
Malaysia,1994,31000,8100
Malaysia,1995,36000,8000
Malaysia,1996,42000,7400
Malaysia,1997,46000,7000
Malaysia,1998,50000,7100
Malaysia,1999,52000,7400
Malaysia,2000,55000,7700
Malaysia,2001,58000,8100
Malaysia,2002,61000,8400
Malaysia,2003,63000,9200
Malaysia,2004,67000,9600
Malaysia,2005,70000,9600
Malaysia,2006,73000,9800
Malaysia,2007,76000,10000
Malaysia,2008,78000,10000
Malaysia,2009,80000,10000
Namibia,1990,12000,3800
Namibia,1991,17000,5200
Namibia,1992,24000,7200
Namibia,1993,32000,9800
Namibia,1994,44000,13000
Namibia,1995,59000,17000
Namibia,1996,77000,21000
Namibia,1997,97000,23000
Namibia,1998,120000,24000
Namibia,1999,130000,24000
Namibia,2000,150000,24000
Namibia,2001,160000,23000
Namibia,2002,170000,20000
Namibia,2003,180000,17000
Namibia,2004,180000,15000
Namibia,2005,180000,14000
Namibia,2006,180000,12000
Namibia,2007,180000,11000
Namibia,2008,180000,11000
Namibia,2009,190000,10000
Niger,1990,14000,2700
Niger,1991,16000,3000
Niger,1992,18000,3500
Niger,1993,21000,4000
Niger,1994,24000,4500
Niger,1995,27000,4900
Niger,1996,30000,5200
Niger,1997,33000,5300
Niger,1998,36000,5500
Niger,1999,39000,5900
Niger,2000,42000,6100
Niger,2001,45000,6200
Niger,2002,47000,6200
Niger,2003,49000,6200
Niger,2004,51000,6400
Niger,2005,53000,6600
Niger,2006,55000,6700
Niger,2007,57000,6700
Niger,2008,59000,6800
Niger,2009,61000,6800
Nigeria,1990,230000,96000
Nigeria,1991,360000,140000
Nigeria,1992,530000,180000
Nigeria,1993,740000,230000
Nigeria,1994,980000,280000
Nigeria,1995,1200000,320000
Nigeria,1996,1500000,340000
Nigeria,1997,1800000,340000
Nigeria,1998,2e+06,350000
Nigeria,1999,2200000,350000
Nigeria,2000,2400000,330000
Nigeria,2001,2500000,310000
Nigeria,2002,2600000,3e+05
Nigeria,2003,2700000,290000
Nigeria,2004,2800000,290000
Nigeria,2005,2800000,3e+05
Nigeria,2006,2900000,320000
Nigeria,2007,3e+06,330000
Nigeria,2008,3100000,340000
Nigeria,2009,3200000,360000
Nicaragua,1990,600,NA
Nicaragua,1991,600,NA
Nicaragua,1992,600,NA
Nicaragua,1993,600,NA
Nicaragua,1994,600,NA
Nicaragua,1995,1100,NA
Nicaragua,1996,1200,NA
Nicaragua,1997,1400,NA
Nicaragua,1998,1500,NA
Nicaragua,1999,1700,NA
Nicaragua,2000,2000,NA
Nicaragua,2001,2200,NA
Nicaragua,2002,2500,NA
Nicaragua,2003,2900,NA
Nicaragua,2004,3200,NA
Nicaragua,2005,3700,NA
Nicaragua,2006,4100,NA
Nicaragua,2007,4700,NA
Nicaragua,2008,5300,NA
Nicaragua,2009,6000,NA
Netherlands,1990,6700,NA
Netherlands,1991,8400,NA
Netherlands,1992,10000,NA
Netherlands,1993,12000,NA
Netherlands,1994,13000,NA
Netherlands,1995,14000,NA
Netherlands,1996,15000,NA
Netherlands,1997,16000,NA
Netherlands,1998,17000,NA
Netherlands,1999,17000,NA
Netherlands,2000,18000,NA
Netherlands,2001,19000,NA
Netherlands,2002,19000,NA
Netherlands,2003,20000,NA
Netherlands,2004,21000,NA
Netherlands,2005,21000,NA
Netherlands,2006,22000,NA
Netherlands,2007,23000,NA
Netherlands,2008,23000,NA
Netherlands,2009,24000,NA
Norway,1990,600,NA
Norway,1991,1200,NA
Norway,1992,1400,NA
Norway,1993,1700,NA
Norway,1994,2000,NA
Norway,1995,2200,NA
Norway,1996,2400,NA
Norway,1997,2600,NA
Norway,1998,2800,NA
Norway,1999,2900,NA
Norway,2000,3100,NA
Norway,2001,3200,NA
Norway,2002,3300,NA
Norway,2003,3400,NA
Norway,2004,3600,NA
Norway,2005,3700,NA
Norway,2006,3800,NA
Norway,2007,4000,NA
Norway,2008,4100,NA
Norway,2009,4200,NA
Nepal,1990,600,350
Nepal,1991,600,350
Nepal,1992,1600,750
Nepal,1993,2500,1000
Nepal,1994,3900,1500
Nepal,1995,5900,2200
Nepal,1996,8800,3100
Nepal,1997,13000,4500
Nepal,1998,18000,6200
Nepal,1999,26000,8100
Nepal,2000,34000,9600
Nepal,2001,43000,10000
Nepal,2002,51000,10000
Nepal,2003,57000,9000
Nepal,2004,61000,7600
Nepal,2005,63000,6100
Nepal,2006,63000,4700
Nepal,2007,62000,3600
Nepal,2008,59000,2700
Nepal,2009,56000,2000
New Zealand,1990,1000,NA
New Zealand,1991,1000,NA
New Zealand,1992,1100,NA
New Zealand,1993,1100,NA
New Zealand,1994,1100,NA
New Zealand,1995,1100,NA
New Zealand,1996,1200,NA
New Zealand,1997,1200,NA
New Zealand,1998,1300,NA
New Zealand,1999,1400,NA
New Zealand,2000,1500,NA
New Zealand,2001,1600,NA
New Zealand,2002,1700,NA
New Zealand,2003,1800,NA
New Zealand,2004,1900,NA
New Zealand,2005,2000,NA
New Zealand,2006,2100,NA
New Zealand,2007,2200,NA
New Zealand,2008,2300,NA
New Zealand,2009,2400,NA
Pakistan,1990,600,NA
Pakistan,1991,600,NA
Pakistan,1992,1100,NA
Pakistan,1993,1400,NA
Pakistan,1994,1800,NA
Pakistan,1995,2400,NA
Pakistan,1996,3100,NA
Pakistan,1997,4100,NA
Pakistan,1998,5400,NA
Pakistan,1999,7000,NA
Pakistan,2000,9200,NA
Pakistan,2001,12000,NA
Pakistan,2002,15000,NA
Pakistan,2003,20000,NA
Pakistan,2004,25000,NA
Pakistan,2005,32000,NA
Pakistan,2006,41000,NA
Pakistan,2007,51000,NA
Pakistan,2008,65000,NA
Pakistan,2009,81000,NA
Panama,1990,11000,300
Panama,1991,13000,600
Panama,1992,16000,600
Panama,1993,19000,2400
Panama,1994,21000,9800
Panama,1995,24000,8900
Panama,1996,25000,2500
Panama,1997,26000,1500
Panama,1998,26000,1400
Panama,1999,26000,1100
Panama,2000,26000,1200
Panama,2001,25000,1200
Panama,2002,25000,1200
Panama,2003,24000,1100
Panama,2004,23000,1100
Panama,2005,22000,1100
Panama,2006,21000,1100
Panama,2007,20000,1100
Panama,2008,19000,1000
Panama,2009,19000,1200
Peru,1990,27000,NA
Peru,1991,34000,NA
Peru,1992,44000,NA
Peru,1993,53000,NA
Peru,1994,62000,NA
Peru,1995,70000,NA
Peru,1996,75000,NA
Peru,1997,78000,NA
Peru,1998,80000,NA
Peru,1999,80000,NA
Peru,2000,80000,NA
Peru,2001,79000,NA
Peru,2002,77000,NA
Peru,2003,75000,NA
Peru,2004,73000,NA
Peru,2005,71000,NA
Peru,2006,70000,NA
Peru,2007,69000,NA
Peru,2008,69000,NA
Peru,2009,70000,NA
Philippines,1990,350,60
Philippines,1991,350,60
Philippines,1992,350,160
Philippines,1993,600,160
Philippines,1994,600,160
Philippines,1995,600,160
Philippines,1996,600,350
Philippines,1997,1100,350
Philippines,1998,1400,350
Philippines,1999,1700,350
Philippines,2000,2000,350
Philippines,2001,2400,750
Philippines,2002,3000,750
Philippines,2003,3600,750
Philippines,2004,4300,750
Philippines,2005,5300,1200
Philippines,2006,6400,1400
Philippines,2007,7700,1700
Philippines,2008,9400,2000
Philippines,2009,11000,2500
Papua New Guinea,1990,4000,1300
Papua New Guinea,1991,5500,1700
Papua New Guinea,1992,7300,2000
Papua New Guinea,1993,9200,2300
Papua New Guinea,1994,11000,2600
Papua New Guinea,1995,14000,2800
Papua New Guinea,1996,16000,2900
Papua New Guinea,1997,18000,3000
Papua New Guinea,1998,20000,3000
Papua New Guinea,1999,21000,3000
Papua New Guinea,2000,23000,3000
Papua New Guinea,2001,24000,2900
Papua New Guinea,2002,25000,2700
Papua New Guinea,2003,25000,2700
Papua New Guinea,2004,26000,2600
Papua New Guinea,2005,26000,2600
Papua New Guinea,2006,26000,2500
Papua New Guinea,2007,26000,2300
Papua New Guinea,2008,27000,2100
Papua New Guinea,2009,27000,2000
Poland,1990,6800,NA
Poland,1991,8600,NA
Poland,1992,11000,NA
Poland,1993,12000,NA
Poland,1994,14000,NA
Poland,1995,16000,NA
Poland,1996,17000,NA
Poland,1997,19000,NA
Poland,1998,20000,NA
Poland,1999,21000,NA
Poland,2000,22000,NA
Poland,2001,24000,NA
Poland,2002,25000,NA
Poland,2003,26000,NA
Poland,2004,27000,NA
Poland,2005,28000,NA
Poland,2006,30000,NA
Poland,2007,31000,NA
Poland,2008,32000,NA
Poland,2009,33000,NA
Portugal,1990,7000,NA
Portugal,1991,9200,NA
Portugal,1992,12000,NA
Portugal,1993,15000,NA
Portugal,1994,18000,NA
Portugal,1995,20000,NA
Portugal,1996,23000,NA
Portugal,1997,26000,NA
Portugal,1998,28000,NA
Portugal,1999,30000,NA
Portugal,2000,32000,NA
Portugal,2001,34000,NA
Portugal,2002,36000,NA
Portugal,2003,37000,NA
Portugal,2004,39000,NA
Portugal,2005,40000,NA
Portugal,2006,42000,NA
Portugal,2007,43000,NA
Portugal,2008,44000,NA
Portugal,2009,45000,NA
Paraguay,1990,1600,NA
Paraguay,1991,1900,NA
Paraguay,1992,2100,NA
Paraguay,1993,2300,NA
Paraguay,1994,2500,NA
Paraguay,1995,2700,NA
Paraguay,1996,3000,NA
Paraguay,1997,3200,NA
Paraguay,1998,3500,NA
Paraguay,1999,3700,NA
Paraguay,2000,4000,NA
Paraguay,2001,4400,NA
Paraguay,2002,4700,NA
Paraguay,2003,5200,NA
Paraguay,2004,5700,NA
Paraguay,2005,6200,NA
Paraguay,2006,6900,NA
Paraguay,2007,7700,NA
Paraguay,2008,8700,NA
Paraguay,2009,9800,NA
Romania,1990,3000,NA
Romania,1991,3900,NA
Romania,1992,5000,NA
Romania,1993,6300,NA
Romania,1994,7700,NA
Romania,1995,9100,NA
Romania,1996,11000,NA
Romania,1997,12000,NA
Romania,1998,13000,NA
Romania,1999,14000,NA
Romania,2000,15000,NA
Romania,2001,16000,NA
Romania,2002,16000,NA
Romania,2003,16000,NA
Romania,2004,17000,NA
Romania,2005,17000,NA
Romania,2006,17000,NA
Romania,2007,17000,NA
Romania,2008,16000,NA
Romania,2009,16000,NA
Rwanda,1990,2e+05,21000
Rwanda,1991,2e+05,24000
Rwanda,1992,2e+05,25000
Rwanda,1993,2e+05,24000
Rwanda,1994,2e+05,22000
Rwanda,1995,2e+05,20000
Rwanda,1996,2e+05,21000
Rwanda,1997,210000,21000
Rwanda,1998,220000,21000
Rwanda,1999,220000,22000
Rwanda,2000,230000,21000
Rwanda,2001,220000,19000
Rwanda,2002,220000,18000
Rwanda,2003,210000,18000
Rwanda,2004,210000,18000
Rwanda,2005,2e+05,17000
Rwanda,2006,2e+05,14000
Rwanda,2007,2e+05,14000
Rwanda,2008,2e+05,14000
Rwanda,2009,2e+05,13000
Sudan,1990,20000,NA
Sudan,1991,27000,NA
Sudan,1992,35000,NA
Sudan,1993,44000,NA
Sudan,1994,52000,NA
Sudan,1995,60000,NA
Sudan,1996,66000,NA
Sudan,1997,70000,NA
Sudan,1998,72000,NA
Sudan,1999,72000,NA
Sudan,2000,70000,NA
Sudan,2001,69000,NA
Sudan,2002,67000,NA
Sudan,2003,65000,NA
Sudan,2004,63000,NA
Sudan,2005,62000,NA
Sudan,2006,62000,NA
Sudan,2007,62000,NA
Sudan,2008,63000,NA
Sudan,2009,65000,NA
Senegal,1990,5000,1400
Senegal,1991,5800,1700
Senegal,1992,6700,2100
Senegal,1993,7800,2400
Senegal,1994,9100,2800
Senegal,1995,11000,3200
Senegal,1996,12000,3600
Senegal,1997,14000,4000
Senegal,1998,16000,4400
Senegal,1999,19000,4800
Senegal,2000,21000,5100
Senegal,2001,24000,5500
Senegal,2002,27000,5800
Senegal,2003,30000,6100
Senegal,2004,32000,6000
Senegal,2005,35000,6100
Senegal,2006,38000,6200
Senegal,2007,41000,6300
Senegal,2008,43000,6500
Senegal,2009,46000,6000
Singapore,1990,600,NA
Singapore,1991,600,NA
Singapore,1992,1200,NA
Singapore,1993,1500,NA
Singapore,1994,1800,NA
Singapore,1995,2000,NA
Singapore,1996,2200,NA
Singapore,1997,2400,NA
Singapore,1998,2500,NA
Singapore,1999,2600,NA
Singapore,2000,2600,NA
Singapore,2001,2700,NA
Singapore,2002,2700,NA
Singapore,2003,2700,NA
Singapore,2004,2700,NA
Singapore,2005,2800,NA
Singapore,2006,2900,NA
Singapore,2007,3000,NA
Singapore,2008,3200,NA
Singapore,2009,3300,NA
Sierra Leone,1990,600,350
Sierra Leone,1991,1100,350
Sierra Leone,1992,1700,750
Sierra Leone,1993,2500,750
Sierra Leone,1994,3600,1300
Sierra Leone,1995,5000,1600
Sierra Leone,1996,6800,2100
Sierra Leone,1997,8900,2500
Sierra Leone,1998,11000,3000
Sierra Leone,1999,14000,3500
Sierra Leone,2000,18000,4000
Sierra Leone,2001,21000,4500
Sierra Leone,2002,25000,5000
Sierra Leone,2003,30000,5500
Sierra Leone,2004,34000,5800
Sierra Leone,2005,38000,6000
Sierra Leone,2006,41000,5900
Sierra Leone,2007,44000,5400
Sierra Leone,2008,45000,4500
Sierra Leone,2009,47000,4300
El Salvador,1990,3200,NA
El Salvador,1991,3900,NA
El Salvador,1992,4800,NA
El Salvador,1993,5700,NA
El Salvador,1994,6600,NA
El Salvador,1995,7500,NA
El Salvador,1996,8300,NA
El Salvador,1997,9000,NA
El Salvador,1998,9700,NA
El Salvador,1999,10000,NA
El Salvador,2000,11000,NA
El Salvador,2001,12000,NA
El Salvador,2002,12000,NA
El Salvador,2003,13000,NA
El Salvador,2004,14000,NA
El Salvador,2005,15000,NA
El Salvador,2006,16000,NA
El Salvador,2007,18000,NA
El Salvador,2008,19000,NA
El Salvador,2009,21000,NA
Somalia,1990,17000,NA
Somalia,1991,19000,NA
Somalia,1992,22000,NA
Somalia,1993,24000,NA
Somalia,1994,26000,NA
Somalia,1995,28000,NA
Somalia,1996,30000,NA
Somalia,1997,31000,NA
Somalia,1998,32000,NA
Somalia,1999,33000,NA
Somalia,2000,34000,NA
Somalia,2001,34000,NA
Somalia,2002,35000,NA
Somalia,2003,35000,NA
Somalia,2004,35000,NA
Somalia,2005,35000,NA
Somalia,2006,35000,NA
Somalia,2007,35000,NA
Somalia,2008,35000,NA
Somalia,2009,35000,NA
Serbia,1990,5200,NA
Serbia,1991,5100,NA
Serbia,1992,5000,NA
Serbia,1993,4800,NA
Serbia,1994,4600,NA
Serbia,1995,4300,NA
Serbia,1996,4000,NA
Serbia,1997,3700,NA
Serbia,1998,3500,NA
Serbia,1999,3300,NA
Serbia,2000,3200,NA
Serbia,2001,3100,NA
Serbia,2002,3000,NA
Serbia,2003,2900,NA
Serbia,2004,2900,NA
Serbia,2005,2900,NA
Serbia,2006,3000,NA
Serbia,2007,3100,NA
Serbia,2008,3200,NA
Serbia,2009,3400,NA
South Sudan,1990,NA,NA
South Sudan,1991,NA,NA
South Sudan,1992,NA,NA
South Sudan,1993,NA,NA
South Sudan,1994,NA,NA
South Sudan,1995,NA,NA
South Sudan,1996,NA,NA
South Sudan,1997,NA,NA
South Sudan,1998,NA,NA
South Sudan,1999,NA,NA
South Sudan,2000,NA,NA
South Sudan,2001,NA,NA
South Sudan,2002,NA,NA
South Sudan,2003,NA,NA
South Sudan,2004,NA,NA
South Sudan,2005,NA,NA
South Sudan,2006,NA,NA
South Sudan,2007,NA,NA
South Sudan,2008,NA,NA
South Sudan,2009,NA,NA
Sao Tome and Principe,1990,160,NA
Sao Tome and Principe,1991,160,NA
Sao Tome and Principe,1992,350,NA
Sao Tome and Principe,1993,350,NA
Sao Tome and Principe,1994,350,NA
Sao Tome and Principe,1995,350,NA
Sao Tome and Principe,1996,350,NA
Sao Tome and Principe,1997,350,NA
Sao Tome and Principe,1998,350,NA
Sao Tome and Principe,1999,600,NA
Sao Tome and Principe,2000,600,NA
Sao Tome and Principe,2001,600,NA
Sao Tome and Principe,2002,600,NA
Sao Tome and Principe,2003,600,NA
Sao Tome and Principe,2004,1000,NA
Sao Tome and Principe,2005,1000,NA
Sao Tome and Principe,2006,1000,NA
Sao Tome and Principe,2007,1000,NA
Sao Tome and Principe,2008,1000,NA
Sao Tome and Principe,2009,1000,NA
Suriname,1990,3500,1100
Suriname,1991,4600,1200
Suriname,1992,5700,1300
Suriname,1993,6700,1300
Suriname,1994,7500,1200
Suriname,1995,8200,1100
Suriname,1996,8600,750
Suriname,1997,8800,750
Suriname,1998,8800,750
Suriname,1999,8700,750
Suriname,2000,8400,350
Suriname,2001,7900,350
Suriname,2002,7400,350
Suriname,2003,6800,350
Suriname,2004,6300,350
Suriname,2005,5800,160
Suriname,2006,5300,160
Suriname,2007,4800,160
Suriname,2008,4400,60
Suriname,2009,4000,60
Slovak Republic,1990,60,NA
Slovak Republic,1991,60,NA
Slovak Republic,1992,60,NA
Slovak Republic,1993,60,NA
Slovak Republic,1994,60,NA
Slovak Republic,1995,60,NA
Slovak Republic,1996,60,NA
Slovak Republic,1997,60,NA
Slovak Republic,1998,160,NA
Slovak Republic,1999,160,NA
Slovak Republic,2000,160,NA
Slovak Republic,2001,160,NA
Slovak Republic,2002,160,NA
Slovak Republic,2003,160,NA
Slovak Republic,2004,350,NA
Slovak Republic,2005,350,NA
Slovak Republic,2006,350,NA
Slovak Republic,2007,350,NA
Slovak Republic,2008,350,NA
Slovak Republic,2009,350,NA
Slovenia,1990,60,NA
Slovenia,1991,60,NA
Slovenia,1992,60,NA
Slovenia,1993,60,NA
Slovenia,1994,60,NA
Slovenia,1995,60,NA
Slovenia,1996,160,NA
Slovenia,1997,160,NA
Slovenia,1998,160,NA
Slovenia,1999,160,NA
Slovenia,2000,350,NA
Slovenia,2001,350,NA
Slovenia,2002,350,NA
Slovenia,2003,350,NA
Slovenia,2004,350,NA
Slovenia,2005,350,NA
Slovenia,2006,350,NA
Slovenia,2007,350,NA
Slovenia,2008,350,NA
Slovenia,2009,600,NA
Sweden,1990,3100,NA
Sweden,1991,3800,NA
Sweden,1992,4400,NA
Sweden,1993,4900,NA
Sweden,1994,5300,NA
Sweden,1995,5600,NA
Sweden,1996,5900,NA
Sweden,1997,6100,NA
Sweden,1998,6300,NA
Sweden,1999,6500,NA
Sweden,2000,6700,NA
Sweden,2001,6900,NA
Sweden,2002,7200,NA
Sweden,2003,7400,NA
Sweden,2004,7600,NA
Sweden,2005,7800,NA
Sweden,2006,8000,NA
Sweden,2007,8200,NA
Sweden,2008,8400,NA
Sweden,2009,8600,NA
Eswatini,1990,12000,4000
Eswatini,1991,17000,5300
Eswatini,1992,22000,6900
Eswatini,1993,30000,8700
Eswatini,1994,39000,11000
Eswatini,1995,49000,13000
Eswatini,1996,61000,15000
Eswatini,1997,75000,17000
Eswatini,1998,88000,18000
Eswatini,1999,1e+05,19000
Eswatini,2000,110000,19000
Eswatini,2001,120000,19000
Eswatini,2002,130000,19000
Eswatini,2003,140000,19000
Eswatini,2004,150000,18000
Eswatini,2005,160000,18000
Eswatini,2006,160000,17000
Eswatini,2007,170000,16000
Eswatini,2008,170000,16000
Eswatini,2009,180000,15000
Chad,1990,71000,NA
Chad,1991,82000,NA
Chad,1992,93000,NA
Chad,1993,1e+05,NA
Chad,1994,110000,NA
Chad,1995,130000,NA
Chad,1996,140000,NA
Chad,1997,140000,NA
Chad,1998,150000,NA
Chad,1999,160000,NA
Chad,2000,170000,NA
Chad,2001,170000,NA
Chad,2002,180000,NA
Chad,2003,180000,NA
Chad,2004,190000,NA
Chad,2005,190000,NA
Chad,2006,190000,NA
Chad,2007,2e+05,NA
Chad,2008,2e+05,NA
Chad,2009,2e+05,NA
Togo,1990,34000,4100
Togo,1991,40000,5900
Togo,1992,46000,8100
Togo,1993,52000,10000
Togo,1994,60000,12000
Togo,1995,68000,13000
Togo,1996,77000,14000
Togo,1997,87000,14000
Togo,1998,97000,13000
Togo,1999,110000,13000
Togo,2000,120000,12000
Togo,2001,120000,12000
Togo,2002,130000,11000
Togo,2003,140000,11000
Togo,2004,140000,11000
Togo,2005,140000,11000
Togo,2006,150000,11000
Togo,2007,150000,11000
Togo,2008,150000,11000
Togo,2009,150000,10000
Thailand,1990,3e+05,140000
Thailand,1991,440000,150000
Thailand,1992,550000,120000
Thailand,1993,630000,90000
Thailand,1994,680000,64000
Thailand,1995,7e+05,49000
Thailand,1996,710000,41000
Thailand,1997,710000,34000
Thailand,1998,690000,24000
Thailand,1999,680000,16000
Thailand,2000,650000,14000
Thailand,2001,630000,20000
Thailand,2002,610000,32000
Thailand,2003,590000,38000
Thailand,2004,570000,36000
Thailand,2005,560000,30000
Thailand,2006,550000,24000
Thailand,2007,540000,19000
Thailand,2008,530000,15000
Thailand,2009,520000,13000
Tajikistan,1990,600,160
Tajikistan,1991,600,160
Tajikistan,1992,600,350
Tajikistan,1993,1000,350
Tajikistan,1994,1300,350
Tajikistan,1995,1600,350
Tajikistan,1996,2100,750
Tajikistan,1997,2700,750
Tajikistan,1998,3400,750
Tajikistan,1999,4100,750
Tajikistan,2000,4800,1000
Tajikistan,2001,5400,1000
Tajikistan,2002,6000,1000
Tajikistan,2003,6500,1000
Tajikistan,2004,7000,1000
Tajikistan,2005,7400,1100
Tajikistan,2006,7800,1100
Tajikistan,2007,8200,1100
Tajikistan,2008,8700,1200
Tajikistan,2009,9200,1300
Trinidad and Tobago,1990,1500,750
Trinidad and Tobago,1991,2100,750
Trinidad and Tobago,1992,2900,750
Trinidad and Tobago,1993,3800,1100
Trinidad and Tobago,1994,4900,1200
Trinidad and Tobago,1995,6000,1300
Trinidad and Tobago,1996,7100,1400
Trinidad and Tobago,1997,8100,1500
Trinidad and Tobago,1998,9100,1400
Trinidad and Tobago,1999,9900,1400
Trinidad and Tobago,2000,11000,1300
Trinidad and Tobago,2001,11000,1200
Trinidad and Tobago,2002,11000,1100
Trinidad and Tobago,2003,12000,1100
Trinidad and Tobago,2004,12000,1100
Trinidad and Tobago,2005,12000,1000
Trinidad and Tobago,2006,13000,750
Trinidad and Tobago,2007,13000,750
Trinidad and Tobago,2008,13000,750
Trinidad and Tobago,2009,13000,750
Tunisia,1990,60,NA
Tunisia,1991,60,NA
Tunisia,1992,60,NA
Tunisia,1993,160,NA
Tunisia,1994,160,NA
Tunisia,1995,350,NA
Tunisia,1996,350,NA
Tunisia,1997,350,NA
Tunisia,1998,350,NA
Tunisia,1999,350,NA
Tunisia,2000,600,NA
Tunisia,2001,600,NA
Tunisia,2002,600,NA
Tunisia,2003,600,NA
Tunisia,2004,600,NA
Tunisia,2005,600,NA
Tunisia,2006,1000,NA
Tunisia,2007,1100,NA
Tunisia,2008,1300,NA
Tunisia,2009,1400,NA
Turkey,1990,160,NA
Turkey,1991,350,NA
Turkey,1992,350,NA
Turkey,1993,350,NA
Turkey,1994,350,NA
Turkey,1995,600,NA
Turkey,1996,600,NA
Turkey,1997,600,NA
Turkey,1998,1100,NA
Turkey,1999,1300,NA
Turkey,2000,1500,NA
Turkey,2001,1800,NA
Turkey,2002,2100,NA
Turkey,2003,2400,NA
Turkey,2004,2700,NA
Turkey,2005,3100,NA
Turkey,2006,3400,NA
Turkey,2007,3800,NA
Turkey,2008,4200,NA
Turkey,2009,4600,NA
Tanzania,1990,660000,180000
Tanzania,1991,820000,2e+05
Tanzania,1992,980000,2e+05
Tanzania,1993,1100000,2e+05
Tanzania,1994,1200000,190000
Tanzania,1995,1300000,170000
Tanzania,1996,1400000,160000
Tanzania,1997,1400000,150000
Tanzania,1998,1400000,140000
Tanzania,1999,1500000,140000
Tanzania,2000,1500000,140000
Tanzania,2001,1400000,140000
Tanzania,2002,1400000,140000
Tanzania,2003,1400000,140000
Tanzania,2004,1400000,140000
Tanzania,2005,1400000,140000
Tanzania,2006,1400000,140000
Tanzania,2007,1400000,140000
Tanzania,2008,1400000,140000
Tanzania,2009,1500000,140000
Uganda,1990,1200000,130000
Uganda,1991,1200000,120000
Uganda,1992,1200000,110000
Uganda,1993,1200000,110000
Uganda,1994,1200000,98000
Uganda,1995,1200000,92000
Uganda,1996,1100000,88000
Uganda,1997,1100000,87000
Uganda,1998,1100000,87000
Uganda,1999,1e+06,89000
Uganda,2000,1e+06,94000
Uganda,2001,990000,99000
Uganda,2002,980000,1e+05
Uganda,2003,990000,110000
Uganda,2004,1e+06,120000
Uganda,2005,1e+06,120000
Uganda,2006,1100000,130000
Uganda,2007,1100000,140000
Uganda,2008,1200000,150000
Uganda,2009,1300000,150000
Ukraine,1990,350,NA
Ukraine,1991,1400,NA
Ukraine,1992,3900,NA
Ukraine,1993,8900,NA
Ukraine,1994,18000,NA
Ukraine,1995,34000,NA
Ukraine,1996,63000,NA
Ukraine,1997,110000,NA
Ukraine,1998,160000,NA
Ukraine,1999,2e+05,NA
Ukraine,2000,230000,NA
Ukraine,2001,250000,NA
Ukraine,2002,260000,NA
Ukraine,2003,280000,NA
Ukraine,2004,290000,NA
Ukraine,2005,3e+05,NA
Ukraine,2006,310000,NA
Ukraine,2007,320000,NA
Ukraine,2008,3e+05,NA
Ukraine,2009,280000,NA
Uruguay,1990,1800,NA
Uruguay,1991,2400,NA
Uruguay,1992,3200,NA
Uruguay,1993,4200,NA
Uruguay,1994,5200,NA
Uruguay,1995,6300,NA
Uruguay,1996,7400,NA
Uruguay,1997,8500,NA
Uruguay,1998,9400,NA
Uruguay,1999,10000,NA
Uruguay,2000,11000,NA
Uruguay,2001,11000,NA
Uruguay,2002,11000,NA
Uruguay,2003,11000,NA
Uruguay,2004,12000,NA
Uruguay,2005,12000,NA
Uruguay,2006,12000,NA
Uruguay,2007,12000,NA
Uruguay,2008,12000,NA
Uruguay,2009,12000,NA
United States,1990,810000,88000
United States,1991,830000,52000
United States,1992,830000,50000
United States,1993,840000,52000
United States,1994,830000,49000
United States,1995,830000,51000
United States,1996,840000,66000
United States,1997,870000,68000
United States,1998,910000,67000
United States,1999,950000,60000
United States,2000,980000,52000
United States,2001,1e+06,48000
United States,2002,1e+06,48000
United States,2003,1100000,49000
United States,2004,1100000,49000
United States,2005,1100000,49000
United States,2006,1200000,49000
United States,2007,1200000,49000
United States,2008,1200000,49000
United States,2009,1300000,49000
Venezuela,1990,21000,NA
Venezuela,1991,24000,NA
Venezuela,1992,27000,NA
Venezuela,1993,31000,NA
Venezuela,1994,34000,NA
Venezuela,1995,37000,NA
Venezuela,1996,41000,NA
Venezuela,1997,44000,NA
Venezuela,1998,48000,NA
Venezuela,1999,51000,NA
Venezuela,2000,54000,NA
Venezuela,2001,58000,NA
Venezuela,2002,61000,NA
Venezuela,2003,65000,NA
Venezuela,2004,69000,NA
Venezuela,2005,74000,NA
Venezuela,2006,78000,NA
Venezuela,2007,82000,NA
Venezuela,2008,86000,NA
Venezuela,2009,91000,NA
Vietnam,1990,60,NA
Vietnam,1991,350,NA
Vietnam,1992,600,NA
Vietnam,1993,1000,NA
Vietnam,1994,1900,NA
Vietnam,1995,3500,NA
Vietnam,1996,6900,NA
Vietnam,1997,13000,NA
Vietnam,1998,30000,NA
Vietnam,1999,58000,NA
Vietnam,2000,84000,NA
Vietnam,2001,110000,NA
Vietnam,2002,130000,NA
Vietnam,2003,160000,NA
Vietnam,2004,180000,NA
Vietnam,2005,190000,NA
Vietnam,2006,210000,NA
Vietnam,2007,220000,NA
Vietnam,2008,230000,NA
Vietnam,2009,230000,NA
Yemen,1990,350,NA
Yemen,1991,600,NA
Yemen,1992,600,NA
Yemen,1993,1100,NA
Yemen,1994,1500,NA
Yemen,1995,2100,NA
Yemen,1996,2800,NA
Yemen,1997,3700,NA
Yemen,1998,4900,NA
Yemen,1999,6500,NA
Yemen,2000,8500,NA
Yemen,2001,10000,NA
Yemen,2002,12000,NA
Yemen,2003,14000,NA
Yemen,2004,15000,NA
Yemen,2005,16000,NA
Yemen,2006,17000,NA
Yemen,2007,18000,NA
Yemen,2008,19000,NA
Yemen,2009,20000,NA
South Africa,1990,1e+05,44000
South Africa,1991,170000,73000
South Africa,1992,290000,120000
South Africa,1993,470000,190000
South Africa,1994,750000,3e+05
South Africa,1995,1200000,430000
South Africa,1996,1700000,570000
South Africa,1997,2300000,680000
South Africa,1998,2900000,720000
South Africa,1999,3500000,710000
South Africa,2000,4e+06,660000
South Africa,2001,4400000,610000
South Africa,2002,4700000,560000
South Africa,2003,4900000,520000
South Africa,2004,5e+06,5e+05
South Africa,2005,5200000,480000
South Africa,2006,5200000,470000
South Africa,2007,5300000,460000
South Africa,2008,5400000,450000
South Africa,2009,5400000,430000
Zambia,1990,560000,85000
Zambia,1991,610000,87000
Zambia,1992,650000,87000
Zambia,1993,680000,86000
Zambia,1994,7e+05,85000
Zambia,1995,730000,84000
Zambia,1996,750000,84000
Zambia,1997,770000,85000
Zambia,1998,790000,86000
Zambia,1999,820000,88000
Zambia,2000,840000,90000
Zambia,2001,860000,92000
Zambia,2002,880000,94000
Zambia,2003,9e+05,96000
Zambia,2004,910000,96000
Zambia,2005,920000,93000
Zambia,2006,920000,88000
Zambia,2007,930000,81000
Zambia,2008,940000,72000
Zambia,2009,950000,76000
Zimbabwe,1990,720000,180000
Zimbabwe,1991,880000,2e+05
Zimbabwe,1992,1e+06,210000
Zimbabwe,1993,1200000,240000
Zimbabwe,1994,1400000,260000
Zimbabwe,1995,1600000,250000
Zimbabwe,1996,1700000,240000
Zimbabwe,1997,1800000,230000
Zimbabwe,1998,1900000,220000
Zimbabwe,1999,1900000,190000
Zimbabwe,2000,1900000,160000
Zimbabwe,2001,1800000,140000
Zimbabwe,2002,1700000,130000
Zimbabwe,2003,1700000,110000
Zimbabwe,2004,1600000,110000
Zimbabwe,2005,1500000,110000
Zimbabwe,2006,1400000,1e+05
Zimbabwe,2007,1300000,1e+05
Zimbabwe,2008,1300000,1e+05
Zimbabwe,2009,1200000,95000
