year,week,region,cases
1995,1,Agadez,0
1995,1,Diffa,0
1995,1,Dosso,4
1995,1,Maradi,64
1995,1,Niamey,22
1995,1,Tahoua,16
1995,1,Tillaberi,1
1995,1,Zinder,3
1995,2,Agadez,0
1995,2,Diffa,0
1995,2,Dosso,18
1995,2,Maradi,75
1995,2,Niamey,21
1995,2,Tahoua,13
1995,2,Tillaberi,32
1995,2,Zinder,0
1995,3,Agadez,0
1995,3,Diffa,0
1995,3,Dosso,31
1995,3,Maradi,123
1995,3,Niamey,30
1995,3,Tahoua,75
1995,3,Tillaberi,29
1995,3,Zinder,9
1995,4,Agadez,0
1995,4,Diffa,0
1995,4,Dosso,51
1995,4,Maradi,155
1995,4,Niamey,39
1995,4,Tahoua,78
1995,4,Tillaberi,29
1995,4,Zinder,2
1995,5,Agadez,1
1995,5,Diffa,0
1995,5,Dosso,70
1995,5,Maradi,158
1995,5,Niamey,22
1995,5,Tahoua,67
1995,5,Tillaberi,49
1995,5,Zinder,15
1995,6,Agadez,1
1995,6,Diffa,0
1995,6,Dosso,105
1995,6,Maradi,184
1995,6,Niamey,102
1995,6,Tahoua,67
1995,6,Tillaberi,49
1995,6,Zinder,5
1995,7,Agadez,1
1995,7,Diffa,0
1995,7,Dosso,114
1995,7,Maradi,183
1995,7,Niamey,195
1995,7,Tahoua,57
1995,7,Tillaberi,44
1995,7,Zinder,9
1995,8,Agadez,0
1995,8,Diffa,0
1995,8,Dosso,195
1995,8,Maradi,210
1995,8,Niamey,201
1995,8,Tahoua,99
1995,8,Tillaberi,212
1995,8,Zinder,6
1995,9,Agadez,1
1995,9,Diffa,3
1995,9,Dosso,250
1995,9,Maradi,160
1995,9,Niamey,346
1995,9,Tahoua,109
1995,9,Tillaberi,228
1995,9,Zinder,4
1995,10,Agadez,9
1995,10,Diffa,0
1995,10,Dosso,488
1995,10,Maradi,336
1995,10,Niamey,577
1995,10,Tahoua,132
1995,10,Tillaberi,402
1995,10,Zinder,6
1995,11,Agadez,0
1995,11,Diffa,0
1995,11,Dosso,614
1995,11,Maradi,48
1995,11,Niamey,638
1995,11,Tahoua,142
1995,11,Tillaberi,588
1995,11,Zinder,8
1995,12,Agadez,1
1995,12,Diffa,2
1995,12,Dosso,977
1995,12,Maradi,177
1995,12,Niamey,1634
1995,12,Tahoua,260
1995,12,Tillaberi,718
1995,12,Zinder,12
1995,13,Agadez,28
1995,13,Diffa,1
1995,13,Dosso,769
1995,13,Maradi,432
1995,13,Niamey,1845
1995,13,Tahoua,429
1995,13,Tillaberi,883
1995,13,Zinder,13
1995,14,Agadez,38
1995,14,Diffa,3
1995,14,Dosso,1011
1995,14,Maradi,383
1995,14,Niamey,1807
1995,14,Tahoua,348
1995,14,Tillaberi,1188
1995,14,Zinder,15
1995,15,Agadez,59
1995,15,Diffa,0
1995,15,Dosso,760
1995,15,Maradi,517
1995,15,Niamey,1660
1995,15,Tahoua,464
1995,15,Tillaberi,1011
1995,15,Zinder,13
1995,16,Agadez,57
1995,16,Diffa,6
1995,16,Dosso,1036
1995,16,Maradi,617
1995,16,Niamey,583
1995,16,Tahoua,419
1995,16,Tillaberi,1303
1995,16,Zinder,15
1995,17,Agadez,55
1995,17,Diffa,25
1995,17,Dosso,931
1995,17,Maradi,612
1995,17,Niamey,1001
1995,17,Tahoua,546
1995,17,Tillaberi,1162
1995,17,Zinder,19
1995,18,Agadez,60
1995,18,Diffa,13
1995,18,Dosso,912
1995,18,Maradi,623
1995,18,Niamey,398
1995,18,Tahoua,490
1995,18,Tillaberi,1097
1995,18,Zinder,22
1995,19,Agadez,44
1995,19,Diffa,36
1995,19,Dosso,812
1995,19,Maradi,640
1995,19,Niamey,323
1995,19,Tahoua,545
1995,19,Tillaberi,1003
1995,19,Zinder,18
1995,20,Agadez,43
1995,20,Diffa,7
1995,20,Dosso,733
1995,20,Maradi,580
1995,20,Niamey,321
1995,20,Tahoua,510
1995,20,Tillaberi,1095
1995,20,Zinder,43
1995,21,Agadez,46
1995,21,Diffa,32
1995,21,Dosso,534
1995,21,Maradi,622
1995,21,Niamey,212
1995,21,Tahoua,445
1995,21,Tillaberi,1103
1995,21,Zinder,47
1995,22,Agadez,6
1995,22,Diffa,18
1995,22,Dosso,445
1995,22,Maradi,607
1995,22,Niamey,111
1995,22,Tahoua,552
1995,22,Tillaberi,986
1995,22,Zinder,40
1995,23,Agadez,39
1995,23,Diffa,71
1995,23,Dosso,382
1995,23,Maradi,718
1995,23,Niamey,72
1995,23,Tahoua,481
1995,23,Tillaberi,976
1995,23,Zinder,85
1995,24,Agadez,17
1995,24,Diffa,41
1995,24,Dosso,371
1995,24,Maradi,530
1995,24,Niamey,48
1995,24,Tahoua,571
1995,24,Tillaberi,572
1995,24,Zinder,57
1995,25,Agadez,30
1995,25,Diffa,20
1995,25,Dosso,182
1995,25,Maradi,492
1995,25,Niamey,24
1995,25,Tahoua,305
1995,25,Tillaberi,477
1995,25,Zinder,29
1995,26,Agadez,19
1995,26,Diffa,32
1995,26,Dosso,150
1995,26,Maradi,353
1995,26,Niamey,29
1995,26,Tahoua,308
1995,26,Tillaberi,392
1995,26,Zinder,20
1995,27,Agadez,19
1995,27,Diffa,34
1995,27,Dosso,134
1995,27,Maradi,241
1995,27,Niamey,10
1995,27,Tahoua,231
1995,27,Tillaberi,390
1995,27,Zinder,18
1995,28,Agadez,8
1995,28,Diffa,41
1995,28,Dosso,119
1995,28,Maradi,195
1995,28,Niamey,9
1995,28,Tahoua,174
1995,28,Tillaberi,246
1995,28,Zinder,16
1995,29,Agadez,0
1995,29,Diffa,19
1995,29,Dosso,62
1995,29,Maradi,69
1995,29,Niamey,7
1995,29,Tahoua,169
1995,29,Tillaberi,237
1995,29,Zinder,3
1995,30,Agadez,2
1995,30,Diffa,21
1995,30,Dosso,116
1995,30,Maradi,133
1995,30,Niamey,9
1995,30,Tahoua,108
1995,30,Tillaberi,336
1995,30,Zinder,8
1995,31,Agadez,2
1995,31,Diffa,19
1995,31,Dosso,54
1995,31,Maradi,80
1995,31,Niamey,0
1995,31,Tahoua,103
1995,31,Tillaberi,192
1995,31,Zinder,7
1995,32,Agadez,0
1995,32,Diffa,17
1995,32,Dosso,30
1995,32,Maradi,59
1995,32,Niamey,0
1995,32,Tahoua,74
1995,32,Tillaberi,164
1995,32,Zinder,3
1995,33,Agadez,2
1995,33,Diffa,5
1995,33,Dosso,42
1995,33,Maradi,68
1995,33,Niamey,1
1995,33,Tahoua,94
1995,33,Tillaberi,191
1995,33,Zinder,4
1995,34,Agadez,7
1995,34,Diffa,4
1995,34,Dosso,49
1995,34,Maradi,23
1995,34,Niamey,1
1995,34,Tahoua,83
1995,34,Tillaberi,118
1995,34,Zinder,1
1995,35,Agadez,5
1995,35,Diffa,13
1995,35,Dosso,52
1995,35,Maradi,37
1995,35,Niamey,0
1995,35,Tahoua,59
1995,35,Tillaberi,135
1995,35,Zinder,1
1995,36,Agadez,2
1995,36,Diffa,12
1995,36,Dosso,30
1995,36,Maradi,22
1995,36,Niamey,1
1995,36,Tahoua,33
1995,36,Tillaberi,157
1995,36,Zinder,0
1995,37,Agadez,21
1995,37,Diffa,4
1995,37,Dosso,39
1995,37,Maradi,21
1995,37,Niamey,0
1995,37,Tahoua,52
1995,37,Tillaberi,118
1995,37,Zinder,0
1995,38,Agadez,13
1995,38,Diffa,11
1995,38,Dosso,72
1995,38,Maradi,27
1995,38,Niamey,0
1995,38,Tahoua,50
1995,38,Tillaberi,58
1995,38,Zinder,0
1995,39,Agadez,19
1995,39,Diffa,4
1995,39,Dosso,22
1995,39,Maradi,9
1995,39,Niamey,1
1995,39,Tahoua,81
1995,39,Tillaberi,47
1995,39,Zinder,0
1995,40,Agadez,25
1995,40,Diffa,14
1995,40,Dosso,35
1995,40,Maradi,11
1995,40,Niamey,0
1995,40,Tahoua,49
1995,40,Tillaberi,58
1995,40,Zinder,4
1995,41,Agadez,13
1995,41,Diffa,26
1995,41,Dosso,22
1995,41,Maradi,7
1995,41,Niamey,0
1995,41,Tahoua,58
1995,41,Tillaberi,52
1995,41,Zinder,5
1995,42,Agadez,8
1995,42,Diffa,15
1995,42,Dosso,32
1995,42,Maradi,50
1995,42,Niamey,0
1995,42,Tahoua,31
1995,42,Tillaberi,52
1995,42,Zinder,3
1995,43,Agadez,5
1995,43,Diffa,17
1995,43,Dosso,40
1995,43,Maradi,27
1995,43,Niamey,0
1995,43,Tahoua,53
1995,43,Tillaberi,103
1995,43,Zinder,5
1995,44,Agadez,62
1995,44,Diffa,14
1995,44,Dosso,17
1995,44,Maradi,50
1995,44,Niamey,0
1995,44,Tahoua,58
1995,44,Tillaberi,71
1995,44,Zinder,3
1995,45,Agadez,85
1995,45,Diffa,5
1995,45,Dosso,53
1995,45,Maradi,9
1995,45,Niamey,0
1995,45,Tahoua,87
1995,45,Tillaberi,27
1995,45,Zinder,5
1995,46,Agadez,159
1995,46,Diffa,6
1995,46,Dosso,38
1995,46,Maradi,80
1995,46,Niamey,0
1995,46,Tahoua,54
1995,46,Tillaberi,17
1995,46,Zinder,4
1995,47,Agadez,85
1995,47,Diffa,27
1995,47,Dosso,80
1995,47,Maradi,5
1995,47,Niamey,0
1995,47,Tahoua,59
1995,47,Tillaberi,32
1995,47,Zinder,7
1995,48,Agadez,145
1995,48,Diffa,16
1995,48,Dosso,22
1995,48,Maradi,73
1995,48,Niamey,0
1995,48,Tahoua,41
1995,48,Tillaberi,52
1995,48,Zinder,6
1995,49,Agadez,126
1995,49,Diffa,8
1995,49,Dosso,139
1995,49,Maradi,97
1995,49,Niamey,0
1995,49,Tahoua,77
1995,49,Tillaberi,43
1995,49,Zinder,19
1995,50,Agadez,157
1995,50,Diffa,14
1995,50,Dosso,150
1995,50,Maradi,66
1995,50,Niamey,2
1995,50,Tahoua,116
1995,50,Tillaberi,77
1995,50,Zinder,39
1995,51,Agadez,141
1995,51,Diffa,18
1995,51,Dosso,125
1995,51,Maradi,88
1995,51,Niamey,0
1995,51,Tahoua,67
1995,51,Tillaberi,121
1995,51,Zinder,13
1995,52,Agadez,111
1995,52,Diffa,40
1995,52,Dosso,162
1995,52,Maradi,95
1995,52,Niamey,0
1995,52,Tahoua,99
1995,52,Tillaberi,75
1995,52,Zinder,19
1996,1,Agadez,120
1996,1,Diffa,75
1996,1,Dosso,98
1996,1,Maradi,123
1996,1,Niamey,0
1996,1,Tahoua,113
1996,1,Tillaberi,42
1996,1,Zinder,25
1996,2,Agadez,120
1996,2,Diffa,96
1996,2,Dosso,96
1996,2,Maradi,128
1996,2,Niamey,0
1996,2,Tahoua,102
1996,2,Tillaberi,115
1996,2,Zinder,66
1996,3,Agadez,114
1996,3,Diffa,46
1996,3,Dosso,76
1996,3,Maradi,139
1996,3,Niamey,0
1996,3,Tahoua,144
1996,3,Tillaberi,118
1996,3,Zinder,83
1996,4,Agadez,111
1996,4,Diffa,54
1996,4,Dosso,126
1996,4,Maradi,151
1996,4,Niamey,0
1996,4,Tahoua,108
1996,4,Tillaberi,74
1996,4,Zinder,115
1996,5,Agadez,110
1996,5,Diffa,70
1996,5,Dosso,133
1996,5,Maradi,256
1996,5,Niamey,10
1996,5,Tahoua,164
1996,5,Tillaberi,99
1996,5,Zinder,146
1996,6,Agadez,89
1996,6,Diffa,44
1996,6,Dosso,132
1996,6,Maradi,327
1996,6,Niamey,8
1996,6,Tahoua,282
1996,6,Tillaberi,5
1996,6,Zinder,294
1996,7,Agadez,72
1996,7,Diffa,175
1996,7,Dosso,159
1996,7,Maradi,349
1996,7,Niamey,5
1996,7,Tahoua,473
1996,7,Tillaberi,157
1996,7,Zinder,496
1996,8,Agadez,72
1996,8,Diffa,204
1996,8,Dosso,180
1996,8,Maradi,371
1996,8,Niamey,10
1996,8,Tahoua,436
1996,8,Tillaberi,172
1996,8,Zinder,446
1996,9,Agadez,54
1996,9,Diffa,225
1996,9,Dosso,106
1996,9,Maradi,402
1996,9,Niamey,9
1996,9,Tahoua,590
1996,9,Tillaberi,102
1996,9,Zinder,714
1996,10,Agadez,51
1996,10,Diffa,250
1996,10,Dosso,99
1996,10,Maradi,411
1996,10,Niamey,5
1996,10,Tahoua,629
1996,10,Tillaberi,339
1996,10,Zinder,632
1996,11,Agadez,68
1996,11,Diffa,277
1996,11,Dosso,115
1996,11,Maradi,726
1996,11,Niamey,26
1996,11,Tahoua,636
1996,11,Tillaberi,208
1996,11,Zinder,929
1996,12,Agadez,49
1996,12,Diffa,242
1996,12,Dosso,193
1996,12,Maradi,686
1996,12,Niamey,8
1996,12,Tahoua,716
1996,12,Tillaberi,135
1996,12,Zinder,1147
1996,13,Agadez,45
1996,13,Diffa,145
1996,13,Dosso,90
1996,13,Maradi,650
1996,13,Niamey,18
1996,13,Tahoua,587
1996,13,Tillaberi,209
1996,13,Zinder,1493
1996,14,Agadez,24
1996,14,Diffa,154
1996,14,Dosso,126
1996,14,Maradi,907
1996,14,Niamey,0
1996,14,Tahoua,494
1996,14,Tillaberi,269
1996,14,Zinder,1599
1996,15,Agadez,51
1996,15,Diffa,153
1996,15,Dosso,110
1996,15,Maradi,891
1996,15,Niamey,19
1996,15,Tahoua,591
1996,15,Tillaberi,167
1996,15,Zinder,1462
1996,16,Agadez,28
1996,16,Diffa,105
1996,16,Dosso,129
1996,16,Maradi,936
1996,16,Niamey,34
1996,16,Tahoua,692
1996,16,Tillaberi,101
1996,16,Zinder,1778
1996,17,Agadez,31
1996,17,Diffa,130
1996,17,Dosso,125
1996,17,Maradi,843
1996,17,Niamey,28
1996,17,Tahoua,634
1996,17,Tillaberi,171
1996,17,Zinder,1836
1996,18,Agadez,17
1996,18,Diffa,73
1996,18,Dosso,134
1996,18,Maradi,913
1996,18,Niamey,26
1996,18,Tahoua,514
1996,18,Tillaberi,245
1996,18,Zinder,1801
1996,19,Agadez,21
1996,19,Diffa,84
1996,19,Dosso,122
1996,19,Maradi,909
1996,19,Niamey,27
1996,19,Tahoua,569
1996,19,Tillaberi,92
1996,19,Zinder,1742
1996,20,Agadez,39
1996,20,Diffa,69
1996,20,Dosso,72
1996,20,Maradi,1089
1996,20,Niamey,26
1996,20,Tahoua,529
1996,20,Tillaberi,84
1996,20,Zinder,1887
1996,21,Agadez,8
1996,21,Diffa,73
1996,21,Dosso,85
1996,21,Maradi,932
1996,21,Niamey,17
1996,21,Tahoua,324
1996,21,Tillaberi,113
1996,21,Zinder,1666
1996,22,Agadez,19
1996,22,Diffa,58
1996,22,Dosso,119
1996,22,Maradi,959
1996,22,Niamey,12
1996,22,Tahoua,430
1996,22,Tillaberi,82
1996,22,Zinder,1512
1996,23,Agadez,5
1996,23,Diffa,24
1996,23,Dosso,46
1996,23,Maradi,777
1996,23,Niamey,4
1996,23,Tahoua,354
1996,23,Tillaberi,63
1996,23,Zinder,1028
1996,24,Agadez,2
1996,24,Diffa,32
1996,24,Dosso,32
1996,24,Maradi,574
1996,24,Niamey,1
1996,24,Tahoua,274
1996,24,Tillaberi,80
1996,24,Zinder,910
1996,25,Agadez,0
1996,25,Diffa,27
1996,25,Dosso,26
1996,25,Maradi,475
1996,25,Niamey,7
1996,25,Tahoua,175
1996,25,Tillaberi,73
1996,25,Zinder,697
1996,26,Agadez,0
1996,26,Diffa,8
1996,26,Dosso,11
1996,26,Maradi,389
1996,26,Niamey,3
1996,26,Tahoua,165
1996,26,Tillaberi,32
1996,26,Zinder,454
1996,27,Agadez,12
1996,27,Diffa,21
1996,27,Dosso,35
1996,27,Maradi,248
1996,27,Niamey,2
1996,27,Tahoua,132
1996,27,Tillaberi,41
1996,27,Zinder,310
1996,28,Agadez,0
1996,28,Diffa,10
1996,28,Dosso,16
1996,28,Maradi,235
1996,28,Niamey,2
1996,28,Tahoua,126
1996,28,Tillaberi,54
1996,28,Zinder,242
1996,29,Agadez,0
1996,29,Diffa,9
1996,29,Dosso,27
1996,29,Maradi,237
1996,29,Niamey,3
1996,29,Tahoua,107
1996,29,Tillaberi,25
1996,29,Zinder,199
1996,30,Agadez,0
1996,30,Diffa,11
1996,30,Dosso,21
1996,30,Maradi,139
1996,30,Niamey,0
1996,30,Tahoua,50
1996,30,Tillaberi,12
1996,30,Zinder,116
1996,31,Agadez,0
1996,31,Diffa,4
1996,31,Dosso,7
1996,31,Maradi,114
1996,31,Niamey,0
1996,31,Tahoua,88
1996,31,Tillaberi,19
1996,31,Zinder,94
1996,32,Agadez,6
1996,32,Diffa,3
1996,32,Dosso,3
1996,32,Maradi,96
1996,32,Niamey,0
1996,32,Tahoua,57
1996,32,Tillaberi,23
1996,32,Zinder,91
1996,33,Agadez,0
1996,33,Diffa,0
1996,33,Dosso,11
1996,33,Maradi,87
1996,33,Niamey,0
1996,33,Tahoua,34
1996,33,Tillaberi,9
1996,33,Zinder,102
1996,34,Agadez,0
1996,34,Diffa,2
1996,34,Dosso,0
1996,34,Maradi,81
1996,34,Niamey,0
1996,34,Tahoua,24
1996,34,Tillaberi,12
1996,34,Zinder,110
1996,35,Agadez,1
1996,35,Diffa,1
1996,35,Dosso,4
1996,35,Maradi,102
1996,35,Niamey,0
1996,35,Tahoua,22
1996,35,Tillaberi,9
1996,35,Zinder,56
1996,36,Agadez,0
1996,36,Diffa,3
1996,36,Dosso,2
1996,36,Maradi,56
1996,36,Niamey,0
1996,36,Tahoua,25
1996,36,Tillaberi,18
1996,36,Zinder,52
1996,37,Agadez,0
1996,37,Diffa,0
1996,37,Dosso,4
1996,37,Maradi,65
1996,37,Niamey,8
1996,37,Tahoua,21
1996,37,Tillaberi,7
1996,37,Zinder,45
1996,38,Agadez,0
1996,38,Diffa,0
1996,38,Dosso,1
1996,38,Maradi,69
1996,38,Niamey,0
1996,38,Tahoua,7
1996,38,Tillaberi,1
1996,38,Zinder,28
1996,39,Agadez,0
1996,39,Diffa,0
1996,39,Dosso,0
1996,39,Maradi,100
1996,39,Niamey,0
1996,39,Tahoua,14
1996,39,Tillaberi,6
1996,39,Zinder,21
1996,40,Agadez,0
1996,40,Diffa,0
1996,40,Dosso,5
1996,40,Maradi,78
1996,40,Niamey,0
1996,40,Tahoua,26
1996,40,Tillaberi,4
1996,40,Zinder,15
1996,41,Agadez,0
1996,41,Diffa,0
1996,41,Dosso,1
1996,41,Maradi,133
1996,41,Niamey,2
1996,41,Tahoua,30
1996,41,Tillaberi,11
1996,41,Zinder,17
1996,42,Agadez,0
1996,42,Diffa,1
1996,42,Dosso,0
1996,42,Maradi,165
1996,42,Niamey,1
1996,42,Tahoua,26
1996,42,Tillaberi,13
1996,42,Zinder,19
1996,43,Agadez,2
1996,43,Diffa,0
1996,43,Dosso,0
1996,43,Maradi,136
1996,43,Niamey,0
1996,43,Tahoua,19
1996,43,Tillaberi,1
1996,43,Zinder,20
1996,44,Agadez,0
1996,44,Diffa,0
1996,44,Dosso,0
1996,44,Maradi,101
1996,44,Niamey,0
1996,44,Tahoua,7
1996,44,Tillaberi,4
1996,44,Zinder,32
1996,45,Agadez,0
1996,45,Diffa,0
1996,45,Dosso,2
1996,45,Maradi,102
1996,45,Niamey,0
1996,45,Tahoua,13
1996,45,Tillaberi,0
1996,45,Zinder,26
1996,46,Agadez,0
1996,46,Diffa,0
1996,46,Dosso,0
1996,46,Maradi,128
1996,46,Niamey,0
1996,46,Tahoua,9
1996,46,Tillaberi,2
1996,46,Zinder,19
1996,47,Agadez,0
1996,47,Diffa,0
1996,47,Dosso,0
1996,47,Maradi,137
1996,47,Niamey,1
1996,47,Tahoua,6
1996,47,Tillaberi,0
1996,47,Zinder,46
1996,48,Agadez,0
1996,48,Diffa,0
1996,48,Dosso,0
1996,48,Maradi,156
1996,48,Niamey,0
1996,48,Tahoua,9
1996,48,Tillaberi,1
1996,48,Zinder,37
1996,49,Agadez,0
1996,49,Diffa,0
1996,49,Dosso,0
1996,49,Maradi,185
1996,49,Niamey,0
1996,49,Tahoua,49
1996,49,Tillaberi,0
1996,49,Zinder,62
1996,50,Agadez,1
1996,50,Diffa,0
1996,50,Dosso,12
1996,50,Maradi,181
1996,50,Niamey,0
1996,50,Tahoua,134
1996,50,Tillaberi,0
1996,50,Zinder,56
1996,51,Agadez,0
1996,51,Diffa,0
1996,51,Dosso,10
1996,51,Maradi,201
1996,51,Niamey,0
1996,51,Tahoua,91
1996,51,Tillaberi,0
1996,51,Zinder,102
1996,52,Agadez,0
1996,52,Diffa,0
1996,52,Dosso,0
1996,52,Maradi,207
1996,52,Niamey,0
1996,52,Tahoua,20
1996,52,Tillaberi,0
1996,52,Zinder,120
1997,1,Agadez,4
1997,1,Diffa,0
1997,1,Dosso,10
1997,1,Maradi,226
1997,1,Niamey,0
1997,1,Tahoua,7
1997,1,Tillaberi,5
1997,1,Zinder,132
1997,2,Agadez,0
1997,2,Diffa,0
1997,2,Dosso,47
1997,2,Maradi,210
1997,2,Niamey,0
1997,2,Tahoua,117
1997,2,Tillaberi,4
1997,2,Zinder,166
1997,3,Agadez,0
1997,3,Diffa,0
1997,3,Dosso,35
1997,3,Maradi,410
1997,3,Niamey,2
1997,3,Tahoua,83
1997,3,Tillaberi,5
1997,3,Zinder,209
1997,4,Agadez,0
1997,4,Diffa,0
1997,4,Dosso,4
1997,4,Maradi,351
1997,4,Niamey,12
1997,4,Tahoua,74
1997,4,Tillaberi,18
1997,4,Zinder,243
1997,5,Agadez,0
1997,5,Diffa,0
1997,5,Dosso,13
1997,5,Maradi,393
1997,5,Niamey,7
1997,5,Tahoua,95
1997,5,Tillaberi,19
1997,5,Zinder,167
1997,6,Agadez,0
1997,6,Diffa,0
1997,6,Dosso,38
1997,6,Maradi,481
1997,6,Niamey,9
1997,6,Tahoua,70
1997,6,Tillaberi,34
1997,6,Zinder,159
1997,7,Agadez,0
1997,7,Diffa,0
1997,7,Dosso,32
1997,7,Maradi,416
1997,7,Niamey,12
1997,7,Tahoua,167
1997,7,Tillaberi,49
1997,7,Zinder,248
1997,8,Agadez,0
1997,8,Diffa,0
1997,8,Dosso,55
1997,8,Maradi,471
1997,8,Niamey,12
1997,8,Tahoua,207
1997,8,Tillaberi,70
1997,8,Zinder,215
1997,9,Agadez,0
1997,9,Diffa,2
1997,9,Dosso,72
1997,9,Maradi,552
1997,9,Niamey,12
1997,9,Tahoua,160
1997,9,Tillaberi,78
1997,9,Zinder,227
1997,10,Agadez,0
1997,10,Diffa,0
1997,10,Dosso,82
1997,10,Maradi,510
1997,10,Niamey,20
1997,10,Tahoua,301
1997,10,Tillaberi,145
1997,10,Zinder,227
1997,11,Agadez,0
1997,11,Diffa,0
1997,11,Dosso,17
1997,11,Maradi,504
1997,11,Niamey,55
1997,11,Tahoua,320
1997,11,Tillaberi,136
1997,11,Zinder,244
1997,12,Agadez,0
1997,12,Diffa,0
1997,12,Dosso,52
1997,12,Maradi,502
1997,12,Niamey,34
1997,12,Tahoua,345
1997,12,Tillaberi,135
1997,12,Zinder,212
1997,13,Agadez,2
1997,13,Diffa,0
1997,13,Dosso,64
1997,13,Maradi,495
1997,13,Niamey,55
1997,13,Tahoua,359
1997,13,Tillaberi,284
1997,13,Zinder,428
1997,14,Agadez,4
1997,14,Diffa,0
1997,14,Dosso,55
1997,14,Maradi,540
1997,14,Niamey,35
1997,14,Tahoua,394
1997,14,Tillaberi,256
1997,14,Zinder,249
1997,15,Agadez,7
1997,15,Diffa,0
1997,15,Dosso,67
1997,15,Maradi,507
1997,15,Niamey,40
1997,15,Tahoua,300
1997,15,Tillaberi,187
1997,15,Zinder,338
1997,16,Agadez,12
1997,16,Diffa,0
1997,16,Dosso,61
1997,16,Maradi,561
1997,16,Niamey,33
1997,16,Tahoua,292
1997,16,Tillaberi,213
1997,16,Zinder,372
1997,17,Agadez,10
1997,17,Diffa,0
1997,17,Dosso,73
1997,17,Maradi,634
1997,17,Niamey,43
1997,17,Tahoua,347
1997,17,Tillaberi,270
1997,17,Zinder,257
1997,18,Agadez,22
1997,18,Diffa,0
1997,18,Dosso,73
1997,18,Maradi,555
1997,18,Niamey,53
1997,18,Tahoua,318
1997,18,Tillaberi,216
1997,18,Zinder,263
1997,19,Agadez,17
1997,19,Diffa,1
1997,19,Dosso,58
1997,19,Maradi,630
1997,19,Niamey,31
1997,19,Tahoua,285
1997,19,Tillaberi,264
1997,19,Zinder,366
1997,20,Agadez,9
1997,20,Diffa,0
1997,20,Dosso,36
1997,20,Maradi,505
1997,20,Niamey,58
1997,20,Tahoua,341
1997,20,Tillaberi,314
1997,20,Zinder,417
1997,21,Agadez,3
1997,21,Diffa,0
1997,21,Dosso,59
1997,21,Maradi,517
1997,21,Niamey,30
1997,21,Tahoua,234
1997,21,Tillaberi,213
1997,21,Zinder,328
1997,22,Agadez,12
1997,22,Diffa,0
1997,22,Dosso,49
1997,22,Maradi,416
1997,22,Niamey,23
1997,22,Tahoua,251
1997,22,Tillaberi,174
1997,22,Zinder,252
1997,23,Agadez,0
1997,23,Diffa,0
1997,23,Dosso,24
1997,23,Maradi,369
1997,23,Niamey,22
1997,23,Tahoua,156
1997,23,Tillaberi,221
1997,23,Zinder,258
1997,24,Agadez,0
1997,24,Diffa,0
1997,24,Dosso,74
1997,24,Maradi,274
1997,24,Niamey,11
1997,24,Tahoua,184
1997,24,Tillaberi,190
1997,24,Zinder,239
1997,25,Agadez,2
1997,25,Diffa,0
1997,25,Dosso,59
1997,25,Maradi,259
1997,25,Niamey,5
1997,25,Tahoua,209
1997,25,Tillaberi,78
1997,25,Zinder,183
1997,26,Agadez,3
1997,26,Diffa,0
1997,26,Dosso,31
1997,26,Maradi,188
1997,26,Niamey,4
1997,26,Tahoua,98
1997,26,Tillaberi,130
1997,26,Zinder,151
1997,27,Agadez,4
1997,27,Diffa,0
1997,27,Dosso,7
1997,27,Maradi,132
1997,27,Niamey,10
1997,27,Tahoua,106
1997,27,Tillaberi,96
1997,27,Zinder,91
1997,28,Agadez,1
1997,28,Diffa,0
1997,28,Dosso,28
1997,28,Maradi,77
1997,28,Niamey,2
1997,28,Tahoua,93
1997,28,Tillaberi,61
1997,28,Zinder,112
1997,29,Agadez,0
1997,29,Diffa,0
1997,29,Dosso,16
1997,29,Maradi,57
1997,29,Niamey,2
1997,29,Tahoua,79
1997,29,Tillaberi,57
1997,29,Zinder,43
1997,30,Agadez,1
1997,30,Diffa,1
1997,30,Dosso,12
1997,30,Maradi,76
1997,30,Niamey,1
1997,30,Tahoua,69
1997,30,Tillaberi,46
1997,30,Zinder,57
1997,31,Agadez,0
1997,31,Diffa,0
1997,31,Dosso,10
1997,31,Maradi,30
1997,31,Niamey,2
1997,31,Tahoua,52
1997,31,Tillaberi,28
1997,31,Zinder,44
1997,32,Agadez,0
1997,32,Diffa,0
1997,32,Dosso,9
1997,32,Maradi,54
1997,32,Niamey,1
1997,32,Tahoua,54
1997,32,Tillaberi,36
1997,32,Zinder,22
1997,33,Agadez,0
1997,33,Diffa,0
1997,33,Dosso,3
1997,33,Maradi,23
1997,33,Niamey,4
1997,33,Tahoua,36
1997,33,Tillaberi,32
1997,33,Zinder,51
1997,34,Agadez,0
1997,34,Diffa,0
1997,34,Dosso,1
1997,34,Maradi,36
1997,34,Niamey,2
1997,34,Tahoua,18
1997,34,Tillaberi,19
1997,34,Zinder,34
1997,35,Agadez,0
1997,35,Diffa,0
1997,35,Dosso,4
1997,35,Maradi,27
1997,35,Niamey,1
1997,35,Tahoua,27
1997,35,Tillaberi,22
1997,35,Zinder,39
1997,36,Agadez,0
1997,36,Diffa,0
1997,36,Dosso,1
1997,36,Maradi,19
1997,36,Niamey,0
1997,36,Tahoua,17
1997,36,Tillaberi,26
1997,36,Zinder,20
1997,37,Agadez,0
1997,37,Diffa,0
1997,37,Dosso,8
1997,37,Maradi,13
1997,37,Niamey,0
1997,37,Tahoua,23
1997,37,Tillaberi,25
1997,37,Zinder,24
1997,38,Agadez,0
1997,38,Diffa,0
1997,38,Dosso,1
1997,38,Maradi,13
1997,38,Niamey,0
1997,38,Tahoua,17
1997,38,Tillaberi,5
1997,38,Zinder,34
1997,39,Agadez,0
1997,39,Diffa,0
1997,39,Dosso,1
1997,39,Maradi,3
1997,39,Niamey,0
1997,39,Tahoua,10
1997,39,Tillaberi,11
1997,39,Zinder,32
1997,40,Agadez,0
1997,40,Diffa,0
1997,40,Dosso,2
1997,40,Maradi,1
1997,40,Niamey,0
1997,40,Tahoua,14
1997,40,Tillaberi,15
1997,40,Zinder,21
1997,41,Agadez,0
1997,41,Diffa,0
1997,41,Dosso,7
1997,41,Maradi,4
1997,41,Niamey,1
1997,41,Tahoua,31
1997,41,Tillaberi,21
1997,41,Zinder,18
1997,42,Agadez,0
1997,42,Diffa,1
1997,42,Dosso,0
1997,42,Maradi,9
1997,42,Niamey,1
1997,42,Tahoua,9
1997,42,Tillaberi,37
1997,42,Zinder,9
1997,43,Agadez,0
1997,43,Diffa,0
1997,43,Dosso,38
1997,43,Maradi,1
1997,43,Niamey,0
1997,43,Tahoua,19
1997,43,Tillaberi,16
1997,43,Zinder,16
1997,44,Agadez,0
1997,44,Diffa,0
1997,44,Dosso,1
1997,44,Maradi,0
1997,44,Niamey,0
1997,44,Tahoua,18
1997,44,Tillaberi,4
1997,44,Zinder,15
1997,45,Agadez,0
1997,45,Diffa,0
1997,45,Dosso,12
1997,45,Maradi,1
1997,45,Niamey,3
1997,45,Tahoua,9
1997,45,Tillaberi,19
1997,45,Zinder,12
1997,46,Agadez,0
1997,46,Diffa,0
1997,46,Dosso,1
1997,46,Maradi,8
1997,46,Niamey,4
1997,46,Tahoua,11
1997,46,Tillaberi,23
1997,46,Zinder,6
1997,47,Agadez,0
1997,47,Diffa,0
1997,47,Dosso,7
1997,47,Maradi,9
1997,47,Niamey,0
1997,47,Tahoua,7
1997,47,Tillaberi,31
1997,47,Zinder,16
1997,48,Agadez,0
1997,48,Diffa,0
1997,48,Dosso,18
1997,48,Maradi,2
1997,48,Niamey,0
1997,48,Tahoua,11
1997,48,Tillaberi,5
1997,48,Zinder,9
1997,49,Agadez,0
1997,49,Diffa,0
1997,49,Dosso,22
1997,49,Maradi,4
1997,49,Niamey,0
1997,49,Tahoua,14
1997,49,Tillaberi,7
1997,49,Zinder,11
1997,50,Agadez,0
1997,50,Diffa,0
1997,50,Dosso,29
1997,50,Maradi,6
1997,50,Niamey,3
1997,50,Tahoua,17
1997,50,Tillaberi,1
1997,50,Zinder,5
1997,51,Agadez,0
1997,51,Diffa,0
1997,51,Dosso,17
1997,51,Maradi,13
1997,51,Niamey,0
1997,51,Tahoua,21
1997,51,Tillaberi,22
1997,51,Zinder,17
1997,52,Agadez,0
1997,52,Diffa,0
1997,52,Dosso,49
1997,52,Maradi,9
1997,52,Niamey,1
1997,52,Tahoua,13
1997,52,Tillaberi,19
1997,52,Zinder,19
1998,1,Agadez,0
1998,1,Diffa,0
1998,1,Dosso,48
1998,1,Maradi,6
1998,1,Niamey,1
1998,1,Tahoua,31
1998,1,Tillaberi,14
1998,1,Zinder,20
1998,2,Agadez,0
1998,2,Diffa,0
1998,2,Dosso,31
1998,2,Maradi,3
1998,2,Niamey,1
1998,2,Tahoua,36
1998,2,Tillaberi,9
1998,2,Zinder,27
1998,3,Agadez,0
1998,3,Diffa,0
1998,3,Dosso,39
1998,3,Maradi,21
1998,3,Niamey,1
1998,3,Tahoua,56
1998,3,Tillaberi,34
1998,3,Zinder,27
1998,4,Agadez,0
1998,4,Diffa,0
1998,4,Dosso,13
1998,4,Maradi,17
1998,4,Niamey,3
1998,4,Tahoua,23
1998,4,Tillaberi,32
1998,4,Zinder,62
1998,5,Agadez,0
1998,5,Diffa,0
1998,5,Dosso,31
1998,5,Maradi,35
1998,5,Niamey,2
1998,5,Tahoua,27
1998,5,Tillaberi,37
1998,5,Zinder,42
1998,6,Agadez,0
1998,6,Diffa,0
1998,6,Dosso,1
1998,6,Maradi,16
1998,6,Niamey,4
1998,6,Tahoua,62
1998,6,Tillaberi,34
1998,6,Zinder,37
1998,7,Agadez,0
1998,7,Diffa,1
1998,7,Dosso,6
1998,7,Maradi,17
1998,7,Niamey,2
1998,7,Tahoua,35
1998,7,Tillaberi,35
1998,7,Zinder,53
1998,8,Agadez,0
1998,8,Diffa,1
1998,8,Dosso,17
1998,8,Maradi,25
1998,8,Niamey,5
1998,8,Tahoua,43
1998,8,Tillaberi,39
1998,8,Zinder,47
1998,9,Agadez,0
1998,9,Diffa,1
1998,9,Dosso,36
1998,9,Maradi,65
1998,9,Niamey,5
1998,9,Tahoua,100
1998,9,Tillaberi,57
1998,9,Zinder,102
1998,10,Agadez,0
1998,10,Diffa,0
1998,10,Dosso,17
1998,10,Maradi,24
1998,10,Niamey,6
1998,10,Tahoua,75
1998,10,Tillaberi,52
1998,10,Zinder,82
1998,11,Agadez,0
1998,11,Diffa,0
1998,11,Dosso,10
1998,11,Maradi,51
1998,11,Niamey,8
1998,11,Tahoua,132
1998,11,Tillaberi,38
1998,11,Zinder,90
1998,12,Agadez,0
1998,12,Diffa,0
1998,12,Dosso,70
1998,12,Maradi,34
1998,12,Niamey,10
1998,12,Tahoua,90
1998,12,Tillaberi,87
1998,12,Zinder,80
1998,13,Agadez,0
1998,13,Diffa,1
1998,13,Dosso,62
1998,13,Maradi,56
1998,13,Niamey,11
1998,13,Tahoua,89
1998,13,Tillaberi,78
1998,13,Zinder,158
1998,14,Agadez,0
1998,14,Diffa,0
1998,14,Dosso,67
1998,14,Maradi,62
1998,14,Niamey,3
1998,14,Tahoua,79
1998,14,Tillaberi,56
1998,14,Zinder,159
1998,15,Agadez,0
1998,15,Diffa,0
1998,15,Dosso,30
1998,15,Maradi,51
1998,15,Niamey,6
1998,15,Tahoua,100
1998,15,Tillaberi,127
1998,15,Zinder,156
1998,16,Agadez,0
1998,16,Diffa,2
1998,16,Dosso,64
1998,16,Maradi,36
1998,16,Niamey,0
1998,16,Tahoua,109
1998,16,Tillaberi,79
1998,16,Zinder,131
1998,17,Agadez,1
1998,17,Diffa,0
1998,17,Dosso,101
1998,17,Maradi,63
1998,17,Niamey,12
1998,17,Tahoua,120
1998,17,Tillaberi,140
1998,17,Zinder,214
1998,18,Agadez,1
1998,18,Diffa,0
1998,18,Dosso,122
1998,18,Maradi,27
1998,18,Niamey,14
1998,18,Tahoua,97
1998,18,Tillaberi,236
1998,18,Zinder,252
1998,19,Agadez,0
1998,19,Diffa,2
1998,19,Dosso,81
1998,19,Maradi,55
1998,19,Niamey,13
1998,19,Tahoua,163
1998,19,Tillaberi,131
1998,19,Zinder,345
1998,20,Agadez,0
1998,20,Diffa,0
1998,20,Dosso,110
1998,20,Maradi,32
1998,20,Niamey,15
1998,20,Tahoua,82
1998,20,Tillaberi,235
1998,20,Zinder,226
1998,21,Agadez,1
1998,21,Diffa,4
1998,21,Dosso,53
1998,21,Maradi,59
1998,21,Niamey,9
1998,21,Tahoua,66
1998,21,Tillaberi,154
1998,21,Zinder,242
1998,22,Agadez,0
1998,22,Diffa,0
1998,22,Dosso,75
1998,22,Maradi,33
1998,22,Niamey,7
1998,22,Tahoua,92
1998,22,Tillaberi,139
1998,22,Zinder,198
1998,23,Agadez,0
1998,23,Diffa,0
1998,23,Dosso,31
1998,23,Maradi,38
1998,23,Niamey,4
1998,23,Tahoua,42
1998,23,Tillaberi,91
1998,23,Zinder,251
1998,24,Agadez,5
1998,24,Diffa,1
1998,24,Dosso,14
1998,24,Maradi,17
1998,24,Niamey,3
1998,24,Tahoua,39
1998,24,Tillaberi,69
1998,24,Zinder,164
1998,25,Agadez,0
1998,25,Diffa,1
1998,25,Dosso,14
1998,25,Maradi,18
1998,25,Niamey,3
1998,25,Tahoua,44
1998,25,Tillaberi,34
1998,25,Zinder,142
1998,26,Agadez,0
1998,26,Diffa,2
1998,26,Dosso,16
1998,26,Maradi,26
1998,26,Niamey,2
1998,26,Tahoua,40
1998,26,Tillaberi,30
1998,26,Zinder,115
1998,27,Agadez,0
1998,27,Diffa,5
1998,27,Dosso,8
1998,27,Maradi,12
1998,27,Niamey,0
1998,27,Tahoua,55
1998,27,Tillaberi,17
1998,27,Zinder,110
1998,28,Agadez,0
1998,28,Diffa,2
1998,28,Dosso,8
1998,28,Maradi,11
1998,28,Niamey,2
1998,28,Tahoua,24
1998,28,Tillaberi,16
1998,28,Zinder,105
1998,29,Agadez,0
1998,29,Diffa,1
1998,29,Dosso,17
1998,29,Maradi,3
1998,29,Niamey,0
1998,29,Tahoua,15
1998,29,Tillaberi,7
1998,29,Zinder,103
1998,30,Agadez,0
1998,30,Diffa,5
1998,30,Dosso,0
1998,30,Maradi,4
1998,30,Niamey,1
1998,30,Tahoua,7
1998,30,Tillaberi,1
1998,30,Zinder,90
1998,31,Agadez,0
1998,31,Diffa,0
1998,31,Dosso,10
1998,31,Maradi,5
1998,31,Niamey,0
1998,31,Tahoua,10
1998,31,Tillaberi,0
1998,31,Zinder,52
1998,32,Agadez,0
1998,32,Diffa,2
1998,32,Dosso,0
1998,32,Maradi,8
1998,32,Niamey,0
1998,32,Tahoua,26
1998,32,Tillaberi,3
1998,32,Zinder,33
1998,33,Agadez,0
1998,33,Diffa,0
1998,33,Dosso,22
1998,33,Maradi,4
1998,33,Niamey,0
1998,33,Tahoua,1
1998,33,Tillaberi,0
1998,33,Zinder,14
1998,34,Agadez,0
1998,34,Diffa,0
1998,34,Dosso,1
1998,34,Maradi,0
1998,34,Niamey,0
1998,34,Tahoua,6
1998,34,Tillaberi,1
1998,34,Zinder,26
1998,35,Agadez,0
1998,35,Diffa,0
1998,35,Dosso,8
1998,35,Maradi,3
1998,35,Niamey,0
1998,35,Tahoua,16
1998,35,Tillaberi,0
1998,35,Zinder,14
1998,36,Agadez,0
1998,36,Diffa,0
1998,36,Dosso,5
1998,36,Maradi,1
1998,36,Niamey,0
1998,36,Tahoua,15
1998,36,Tillaberi,0
1998,36,Zinder,9
1998,37,Agadez,0
1998,37,Diffa,0
1998,37,Dosso,1
1998,37,Maradi,1
1998,37,Niamey,0
1998,37,Tahoua,12
1998,37,Tillaberi,0
1998,37,Zinder,20
1998,38,Agadez,0
1998,38,Diffa,0
1998,38,Dosso,0
1998,38,Maradi,4
1998,38,Niamey,0
1998,38,Tahoua,6
1998,38,Tillaberi,0
1998,38,Zinder,9
1998,39,Agadez,0
1998,39,Diffa,1
1998,39,Dosso,7
1998,39,Maradi,0
1998,39,Niamey,0
1998,39,Tahoua,6
1998,39,Tillaberi,1
1998,39,Zinder,13
1998,40,Agadez,0
1998,40,Diffa,0
1998,40,Dosso,1
1998,40,Maradi,0
1998,40,Niamey,0
1998,40,Tahoua,3
1998,40,Tillaberi,0
1998,40,Zinder,2
1998,41,Agadez,0
1998,41,Diffa,0
1998,41,Dosso,43
1998,41,Maradi,1
1998,41,Niamey,0
1998,41,Tahoua,2
1998,41,Tillaberi,0
1998,41,Zinder,7
1998,42,Agadez,0
1998,42,Diffa,0
1998,42,Dosso,1
1998,42,Maradi,4
1998,42,Niamey,0
1998,42,Tahoua,11
1998,42,Tillaberi,0
1998,42,Zinder,18
1998,43,Agadez,0
1998,43,Diffa,0
1998,43,Dosso,6
1998,43,Maradi,1
1998,43,Niamey,0
1998,43,Tahoua,11
1998,43,Tillaberi,0
1998,43,Zinder,13
1998,44,Agadez,0
1998,44,Diffa,0
1998,44,Dosso,1
1998,44,Maradi,5
1998,44,Niamey,0
1998,44,Tahoua,17
1998,44,Tillaberi,0
1998,44,Zinder,40
1998,45,Agadez,1
1998,45,Diffa,0
1998,45,Dosso,16
1998,45,Maradi,4
1998,45,Niamey,0
1998,45,Tahoua,4
1998,45,Tillaberi,0
1998,45,Zinder,33
1998,46,Agadez,0
1998,46,Diffa,1
1998,46,Dosso,1
1998,46,Maradi,0
1998,46,Niamey,0
1998,46,Tahoua,8
1998,46,Tillaberi,0
1998,46,Zinder,14
1998,47,Agadez,0
1998,47,Diffa,0
1998,47,Dosso,1
1998,47,Maradi,3
1998,47,Niamey,0
1998,47,Tahoua,3
1998,47,Tillaberi,1
1998,47,Zinder,26
1998,48,Agadez,0
1998,48,Diffa,0
1998,48,Dosso,28
1998,48,Maradi,2
1998,48,Niamey,0
1998,48,Tahoua,6
1998,48,Tillaberi,0
1998,48,Zinder,34
1998,49,Agadez,0
1998,49,Diffa,3
1998,49,Dosso,11
1998,49,Maradi,5
1998,49,Niamey,0
1998,49,Tahoua,25
1998,49,Tillaberi,0
1998,49,Zinder,30
1998,50,Agadez,0
1998,50,Diffa,15
1998,50,Dosso,36
1998,50,Maradi,4
1998,50,Niamey,0
1998,50,Tahoua,38
1998,50,Tillaberi,0
1998,50,Zinder,52
1998,51,Agadez,0
1998,51,Diffa,3
1998,51,Dosso,12
1998,51,Maradi,9
1998,51,Niamey,0
1998,51,Tahoua,19
1998,51,Tillaberi,0
1998,51,Zinder,47
1998,52,Agadez,0
1998,52,Diffa,2
1998,52,Dosso,16
1998,52,Maradi,7
1998,52,Niamey,1
1998,52,Tahoua,15
1998,52,Tillaberi,11
1998,52,Zinder,84
1999,1,Agadez,0
1999,1,Diffa,0
1999,1,Dosso,24
1999,1,Maradi,6
1999,1,Niamey,0
1999,1,Tahoua,12
1999,1,Tillaberi,0
1999,1,Zinder,80
1999,2,Agadez,0
1999,2,Diffa,0
1999,2,Dosso,56
1999,2,Maradi,13
1999,2,Niamey,0
1999,2,Tahoua,38
1999,2,Tillaberi,0
1999,2,Zinder,103
1999,3,Agadez,0
1999,3,Diffa,17
1999,3,Dosso,16
1999,3,Maradi,17
1999,3,Niamey,1
1999,3,Tahoua,53
1999,3,Tillaberi,0
1999,3,Zinder,125
1999,4,Agadez,0
1999,4,Diffa,6
1999,4,Dosso,35
1999,4,Maradi,16
1999,4,Niamey,0
1999,4,Tahoua,70
1999,4,Tillaberi,0
1999,4,Zinder,101
1999,5,Agadez,1
1999,5,Diffa,9
1999,5,Dosso,12
1999,5,Maradi,18
1999,5,Niamey,0
1999,5,Tahoua,42
1999,5,Tillaberi,3
1999,5,Zinder,190
1999,6,Agadez,0
1999,6,Diffa,10
1999,6,Dosso,31
1999,6,Maradi,22
1999,6,Niamey,2
1999,6,Tahoua,41
1999,6,Tillaberi,0
1999,6,Zinder,154
1999,7,Agadez,0
1999,7,Diffa,12
1999,7,Dosso,19
1999,7,Maradi,70
1999,7,Niamey,1
1999,7,Tahoua,36
1999,7,Tillaberi,0
1999,7,Zinder,205
1999,8,Agadez,0
1999,8,Diffa,14
1999,8,Dosso,47
1999,8,Maradi,78
1999,8,Niamey,11
1999,8,Tahoua,34
1999,8,Tillaberi,0
1999,8,Zinder,191
1999,9,Agadez,0
1999,9,Diffa,19
1999,9,Dosso,78
1999,9,Maradi,82
1999,9,Niamey,1
1999,9,Tahoua,95
1999,9,Tillaberi,15
1999,9,Zinder,256
1999,10,Agadez,1
1999,10,Diffa,17
1999,10,Dosso,76
1999,10,Maradi,111
1999,10,Niamey,3
1999,10,Tahoua,77
1999,10,Tillaberi,23
1999,10,Zinder,282
1999,11,Agadez,2
1999,11,Diffa,15
1999,11,Dosso,57
1999,11,Maradi,156
1999,11,Niamey,2
1999,11,Tahoua,122
1999,11,Tillaberi,13
1999,11,Zinder,224
1999,12,Agadez,16
1999,12,Diffa,30
1999,12,Dosso,54
1999,12,Maradi,124
1999,12,Niamey,55
1999,12,Tahoua,309
1999,12,Tillaberi,76
1999,12,Zinder,209
1999,13,Agadez,36
1999,13,Diffa,20
1999,13,Dosso,57
1999,13,Maradi,215
1999,13,Niamey,15
1999,13,Tahoua,182
1999,13,Tillaberi,155
1999,13,Zinder,212
1999,14,Agadez,24
1999,14,Diffa,52
1999,14,Dosso,38
1999,14,Maradi,301
1999,14,Niamey,141
1999,14,Tahoua,220
1999,14,Tillaberi,171
1999,14,Zinder,470
1999,15,Agadez,36
1999,15,Diffa,23
1999,15,Dosso,78
1999,15,Maradi,403
1999,15,Niamey,605
1999,15,Tahoua,164
1999,15,Tillaberi,185
1999,15,Zinder,267
1999,16,Agadez,56
1999,16,Diffa,43
1999,16,Dosso,69
1999,16,Maradi,386
1999,16,Niamey,789
1999,16,Tahoua,221
1999,16,Tillaberi,158
1999,16,Zinder,735
1999,17,Agadez,37
1999,17,Diffa,30
1999,17,Dosso,136
1999,17,Maradi,421
1999,17,Niamey,742
1999,17,Tahoua,208
1999,17,Tillaberi,343
1999,17,Zinder,637
1999,18,Agadez,42
1999,18,Diffa,40
1999,18,Dosso,102
1999,18,Maradi,454
1999,18,Niamey,510
1999,18,Tahoua,154
1999,18,Tillaberi,322
1999,18,Zinder,581
1999,19,Agadez,36
1999,19,Diffa,40
1999,19,Dosso,131
1999,19,Maradi,485
1999,19,Niamey,356
1999,19,Tahoua,233
1999,19,Tillaberi,290
1999,19,Zinder,612
1999,20,Agadez,14
1999,20,Diffa,48
1999,20,Dosso,78
1999,20,Maradi,605
1999,20,Niamey,287
1999,20,Tahoua,207
1999,20,Tillaberi,369
1999,20,Zinder,710
1999,21,Agadez,7
1999,21,Diffa,68
1999,21,Dosso,60
1999,21,Maradi,540
1999,21,Niamey,153
1999,21,Tahoua,195
1999,21,Tillaberi,344
1999,21,Zinder,600
1999,22,Agadez,10
1999,22,Diffa,71
1999,22,Dosso,57
1999,22,Maradi,588
1999,22,Niamey,133
1999,22,Tahoua,229
1999,22,Tillaberi,317
1999,22,Zinder,567
1999,23,Agadez,9
1999,23,Diffa,50
1999,23,Dosso,33
1999,23,Maradi,521
1999,23,Niamey,98
1999,23,Tahoua,305
1999,23,Tillaberi,280
1999,23,Zinder,711
1999,24,Agadez,4
1999,24,Diffa,48
1999,24,Dosso,88
1999,24,Maradi,463
1999,24,Niamey,60
1999,24,Tahoua,166
1999,24,Tillaberi,209
1999,24,Zinder,596
1999,25,Agadez,2
1999,25,Diffa,32
1999,25,Dosso,51
1999,25,Maradi,380
1999,25,Niamey,54
1999,25,Tahoua,209
1999,25,Tillaberi,246
1999,25,Zinder,373
1999,26,Agadez,0
1999,26,Diffa,22
1999,26,Dosso,67
1999,26,Maradi,248
1999,26,Niamey,14
1999,26,Tahoua,195
1999,26,Tillaberi,162
1999,26,Zinder,325
1999,27,Agadez,1
1999,27,Diffa,27
1999,27,Dosso,17
1999,27,Maradi,248
1999,27,Niamey,21
1999,27,Tahoua,117
1999,27,Tillaberi,118
1999,27,Zinder,241
1999,28,Agadez,0
1999,28,Diffa,14
1999,28,Dosso,45
1999,28,Maradi,252
1999,28,Niamey,9
1999,28,Tahoua,121
1999,28,Tillaberi,95
1999,28,Zinder,227
1999,29,Agadez,1
1999,29,Diffa,9
1999,29,Dosso,14
1999,29,Maradi,177
1999,29,Niamey,4
1999,29,Tahoua,131
1999,29,Tillaberi,81
1999,29,Zinder,197
1999,30,Agadez,1
1999,30,Diffa,7
1999,30,Dosso,12
1999,30,Maradi,142
1999,30,Niamey,3
1999,30,Tahoua,138
1999,30,Tillaberi,67
1999,30,Zinder,120
1999,31,Agadez,3
1999,31,Diffa,3
1999,31,Dosso,3
1999,31,Maradi,81
1999,31,Niamey,0
1999,31,Tahoua,116
1999,31,Tillaberi,56
1999,31,Zinder,115
1999,32,Agadez,1
1999,32,Diffa,4
1999,32,Dosso,2
1999,32,Maradi,80
1999,32,Niamey,1
1999,32,Tahoua,56
1999,32,Tillaberi,87
1999,32,Zinder,45
1999,33,Agadez,0
1999,33,Diffa,3
1999,33,Dosso,4
1999,33,Maradi,40
1999,33,Niamey,2
1999,33,Tahoua,27
1999,33,Tillaberi,92
1999,33,Zinder,48
1999,34,Agadez,1
1999,34,Diffa,14
1999,34,Dosso,7
1999,34,Maradi,28
1999,34,Niamey,0
1999,34,Tahoua,50
1999,34,Tillaberi,20
1999,34,Zinder,19
1999,35,Agadez,0
1999,35,Diffa,4
1999,35,Dosso,9
1999,35,Maradi,27
1999,35,Niamey,0
1999,35,Tahoua,43
1999,35,Tillaberi,41
1999,35,Zinder,8
1999,36,Agadez,0
1999,36,Diffa,7
1999,36,Dosso,0
1999,36,Maradi,27
1999,36,Niamey,0
1999,36,Tahoua,33
1999,36,Tillaberi,27
1999,36,Zinder,15
1999,37,Agadez,1
1999,37,Diffa,3
1999,37,Dosso,4
1999,37,Maradi,24
1999,37,Niamey,2
1999,37,Tahoua,32
1999,37,Tillaberi,49
1999,37,Zinder,22
1999,38,Agadez,2
1999,38,Diffa,1
1999,38,Dosso,9
1999,38,Maradi,13
1999,38,Niamey,0
1999,38,Tahoua,11
1999,38,Tillaberi,28
1999,38,Zinder,5
1999,39,Agadez,0
1999,39,Diffa,2
1999,39,Dosso,5
1999,39,Maradi,7
1999,39,Niamey,0
1999,39,Tahoua,23
1999,39,Tillaberi,23
1999,39,Zinder,3
1999,40,Agadez,0
1999,40,Diffa,15
1999,40,Dosso,9
1999,40,Maradi,4
1999,40,Niamey,1
1999,40,Tahoua,21
1999,40,Tillaberi,12
1999,40,Zinder,27
1999,41,Agadez,0
1999,41,Diffa,0
1999,41,Dosso,0
1999,41,Maradi,6
1999,41,Niamey,0
1999,41,Tahoua,24
1999,41,Tillaberi,19
1999,41,Zinder,5
1999,42,Agadez,0
1999,42,Diffa,0
1999,42,Dosso,1
1999,42,Maradi,4
1999,42,Niamey,0
1999,42,Tahoua,20
1999,42,Tillaberi,33
1999,42,Zinder,2
1999,43,Agadez,0
1999,43,Diffa,0
1999,43,Dosso,2
1999,43,Maradi,2
1999,43,Niamey,1
1999,43,Tahoua,8
1999,43,Tillaberi,18
1999,43,Zinder,1
1999,44,Agadez,0
1999,44,Diffa,0
1999,44,Dosso,11
1999,44,Maradi,0
1999,44,Niamey,0
1999,44,Tahoua,13
1999,44,Tillaberi,5
1999,44,Zinder,4
1999,45,Agadez,1
1999,45,Diffa,1
1999,45,Dosso,2
1999,45,Maradi,3
1999,45,Niamey,0
1999,45,Tahoua,14
1999,45,Tillaberi,5
1999,45,Zinder,3
1999,46,Agadez,0
1999,46,Diffa,0
1999,46,Dosso,8
1999,46,Maradi,3
1999,46,Niamey,0
1999,46,Tahoua,13
1999,46,Tillaberi,10
1999,46,Zinder,4
1999,47,Agadez,0
1999,47,Diffa,0
1999,47,Dosso,4
1999,47,Maradi,15
1999,47,Niamey,0
1999,47,Tahoua,8
1999,47,Tillaberi,9
1999,47,Zinder,5
1999,48,Agadez,0
1999,48,Diffa,0
1999,48,Dosso,0
1999,48,Maradi,12
1999,48,Niamey,0
1999,48,Tahoua,20
1999,48,Tillaberi,2
1999,48,Zinder,9
1999,49,Agadez,0
1999,49,Diffa,0
1999,49,Dosso,1
1999,49,Maradi,14
1999,49,Niamey,0
1999,49,Tahoua,2
1999,49,Tillaberi,12
1999,49,Zinder,6
1999,50,Agadez,0
1999,50,Diffa,0
1999,50,Dosso,0
1999,50,Maradi,15
1999,50,Niamey,0
1999,50,Tahoua,15
1999,50,Tillaberi,5
1999,50,Zinder,8
1999,51,Agadez,0
1999,51,Diffa,0
1999,51,Dosso,3
1999,51,Maradi,10
1999,51,Niamey,0
1999,51,Tahoua,19
1999,51,Tillaberi,22
1999,51,Zinder,2
1999,52,Agadez,0
1999,52,Diffa,0
1999,52,Dosso,0
1999,52,Maradi,9
1999,52,Niamey,0
1999,52,Tahoua,6
1999,52,Tillaberi,8
1999,52,Zinder,5
2000,1,Agadez,0
2000,1,Diffa,0
2000,1,Dosso,0
2000,1,Maradi,3
2000,1,Niamey,0
2000,1,Tahoua,30
2000,1,Tillaberi,13
2000,1,Zinder,25
2000,2,Agadez,0
2000,2,Diffa,0
2000,2,Dosso,1
2000,2,Maradi,1
2000,2,Niamey,2
2000,2,Tahoua,18
2000,2,Tillaberi,28
2000,2,Zinder,18
2000,3,Agadez,0
2000,3,Diffa,4
2000,3,Dosso,1
2000,3,Maradi,5
2000,3,Niamey,1
2000,3,Tahoua,13
2000,3,Tillaberi,51
2000,3,Zinder,23
2000,4,Agadez,0
2000,4,Diffa,1
2000,4,Dosso,13
2000,4,Maradi,2
2000,4,Niamey,4
2000,4,Tahoua,31
2000,4,Tillaberi,65
2000,4,Zinder,3
2000,5,Agadez,0
2000,5,Diffa,0
2000,5,Dosso,6
2000,5,Maradi,3
2000,5,Niamey,5
2000,5,Tahoua,47
2000,5,Tillaberi,102
2000,5,Zinder,4
2000,6,Agadez,0
2000,6,Diffa,0
2000,6,Dosso,4
2000,6,Maradi,32
2000,6,Niamey,9
2000,6,Tahoua,40
2000,6,Tillaberi,210
2000,6,Zinder,5
2000,7,Agadez,1
2000,7,Diffa,1
2000,7,Dosso,8
2000,7,Maradi,14
2000,7,Niamey,4
2000,7,Tahoua,32
2000,7,Tillaberi,291
2000,7,Zinder,6
2000,8,Agadez,2
2000,8,Diffa,1
2000,8,Dosso,13
2000,8,Maradi,29
2000,8,Niamey,18
2000,8,Tahoua,35
2000,8,Tillaberi,306
2000,8,Zinder,5
2000,9,Agadez,0
2000,9,Diffa,0
2000,9,Dosso,10
2000,9,Maradi,33
2000,9,Niamey,21
2000,9,Tahoua,99
2000,9,Tillaberi,269
2000,9,Zinder,22
2000,10,Agadez,0
2000,10,Diffa,0
2000,10,Dosso,32
2000,10,Maradi,46
2000,10,Niamey,46
2000,10,Tahoua,51
2000,10,Tillaberi,323
2000,10,Zinder,39
2000,11,Agadez,0
2000,11,Diffa,0
2000,11,Dosso,34
2000,11,Maradi,44
2000,11,Niamey,28
2000,11,Tahoua,127
2000,11,Tillaberi,229
2000,11,Zinder,4
2000,12,Agadez,0
2000,12,Diffa,1
2000,12,Dosso,74
2000,12,Maradi,37
2000,12,Niamey,41
2000,12,Tahoua,171
2000,12,Tillaberi,441
2000,12,Zinder,20
2000,13,Agadez,0
2000,13,Diffa,0
2000,13,Dosso,96
2000,13,Maradi,96
2000,13,Niamey,67
2000,13,Tahoua,120
2000,13,Tillaberi,189
2000,13,Zinder,29
2000,14,Agadez,0
2000,14,Diffa,2
2000,14,Dosso,98
2000,14,Maradi,61
2000,14,Niamey,76
2000,14,Tahoua,123
2000,14,Tillaberi,240
2000,14,Zinder,37
2000,15,Agadez,1
2000,15,Diffa,4
2000,15,Dosso,155
2000,15,Maradi,99
2000,15,Niamey,0
2000,15,Tahoua,92
2000,15,Tillaberi,486
2000,15,Zinder,55
2000,16,Agadez,3
2000,16,Diffa,2
2000,16,Dosso,142
2000,16,Maradi,115
2000,16,Niamey,133
2000,16,Tahoua,177
2000,16,Tillaberi,464
2000,16,Zinder,39
2000,17,Agadez,1
2000,17,Diffa,1
2000,17,Dosso,163
2000,17,Maradi,101
2000,17,Niamey,144
2000,17,Tahoua,107
2000,17,Tillaberi,480
2000,17,Zinder,19
2000,18,Agadez,0
2000,18,Diffa,0
2000,18,Dosso,206
2000,18,Maradi,105
2000,18,Niamey,102
2000,18,Tahoua,124
2000,18,Tillaberi,432
2000,18,Zinder,34
2000,19,Agadez,0
2000,19,Diffa,0
2000,19,Dosso,180
2000,19,Maradi,220
2000,19,Niamey,148
2000,19,Tahoua,174
2000,19,Tillaberi,501
2000,19,Zinder,135
2000,20,Agadez,16
2000,20,Diffa,0
2000,20,Dosso,190
2000,20,Maradi,208
2000,20,Niamey,100
2000,20,Tahoua,177
2000,20,Tillaberi,353
2000,20,Zinder,39
2000,21,Agadez,29
2000,21,Diffa,2
2000,21,Dosso,113
2000,21,Maradi,238
2000,21,Niamey,33
2000,21,Tahoua,215
2000,21,Tillaberi,369
2000,21,Zinder,33
2000,22,Agadez,11
2000,22,Diffa,0
2000,22,Dosso,191
2000,22,Maradi,224
2000,22,Niamey,82
2000,22,Tahoua,228
2000,22,Tillaberi,308
2000,22,Zinder,68
2000,23,Agadez,19
2000,23,Diffa,0
2000,23,Dosso,53
2000,23,Maradi,222
2000,23,Niamey,42
2000,23,Tahoua,222
2000,23,Tillaberi,214
2000,23,Zinder,56
2000,24,Agadez,5
2000,24,Diffa,0
2000,24,Dosso,73
2000,24,Maradi,120
2000,24,Niamey,29
2000,24,Tahoua,182
2000,24,Tillaberi,176
2000,24,Zinder,51
2000,25,Agadez,2
2000,25,Diffa,1
2000,25,Dosso,77
2000,25,Maradi,173
2000,25,Niamey,20
2000,25,Tahoua,162
2000,25,Tillaberi,87
2000,25,Zinder,47
2000,26,Agadez,0
2000,26,Diffa,0
2000,26,Dosso,86
2000,26,Maradi,148
2000,26,Niamey,14
2000,26,Tahoua,177
2000,26,Tillaberi,61
2000,26,Zinder,48
2000,27,Agadez,4
2000,27,Diffa,0
2000,27,Dosso,57
2000,27,Maradi,176
2000,27,Niamey,6
2000,27,Tahoua,147
2000,27,Tillaberi,49
2000,27,Zinder,31
2000,28,Agadez,0
2000,28,Diffa,0
2000,28,Dosso,59
2000,28,Maradi,144
2000,28,Niamey,6
2000,28,Tahoua,107
2000,28,Tillaberi,33
2000,28,Zinder,51
2000,29,Agadez,1
2000,29,Diffa,0
2000,29,Dosso,26
2000,29,Maradi,93
2000,29,Niamey,3
2000,29,Tahoua,65
2000,29,Tillaberi,40
2000,29,Zinder,28
2000,30,Agadez,2
2000,30,Diffa,0
2000,30,Dosso,16
2000,30,Maradi,53
2000,30,Niamey,9
2000,30,Tahoua,104
2000,30,Tillaberi,8
2000,30,Zinder,24
2000,31,Agadez,1
2000,31,Diffa,0
2000,31,Dosso,14
2000,31,Maradi,81
2000,31,Niamey,2
2000,31,Tahoua,100
2000,31,Tillaberi,14
2000,31,Zinder,18
2000,32,Agadez,0
2000,32,Diffa,0
2000,32,Dosso,15
2000,32,Maradi,60
2000,32,Niamey,5
2000,32,Tahoua,65
2000,32,Tillaberi,15
2000,32,Zinder,3
2000,33,Agadez,0
2000,33,Diffa,0
2000,33,Dosso,10
2000,33,Maradi,51
2000,33,Niamey,7
2000,33,Tahoua,92
2000,33,Tillaberi,15
2000,33,Zinder,9
2000,34,Agadez,0
2000,34,Diffa,0
2000,34,Dosso,7
2000,34,Maradi,46
2000,34,Niamey,3
2000,34,Tahoua,63
2000,34,Tillaberi,8
2000,34,Zinder,3
2000,35,Agadez,0
2000,35,Diffa,0
2000,35,Dosso,1
2000,35,Maradi,54
2000,35,Niamey,3
2000,35,Tahoua,48
2000,35,Tillaberi,7
2000,35,Zinder,9
2000,36,Agadez,0
2000,36,Diffa,0
2000,36,Dosso,5
2000,36,Maradi,36
2000,36,Niamey,0
2000,36,Tahoua,119
2000,36,Tillaberi,8
2000,36,Zinder,1
2000,37,Agadez,0
2000,37,Diffa,0
2000,37,Dosso,6
2000,37,Maradi,15
2000,37,Niamey,3
2000,37,Tahoua,62
2000,37,Tillaberi,9
2000,37,Zinder,3
2000,38,Agadez,1
2000,38,Diffa,0
2000,38,Dosso,6
2000,38,Maradi,45
2000,38,Niamey,4
2000,38,Tahoua,72
2000,38,Tillaberi,2
2000,38,Zinder,3
2000,39,Agadez,0
2000,39,Diffa,0
2000,39,Dosso,14
2000,39,Maradi,32
2000,39,Niamey,2
2000,39,Tahoua,40
2000,39,Tillaberi,2
2000,39,Zinder,5
2000,40,Agadez,0
2000,40,Diffa,0
2000,40,Dosso,11
2000,40,Maradi,21
2000,40,Niamey,5
2000,40,Tahoua,47
2000,40,Tillaberi,2
2000,40,Zinder,6
2000,41,Agadez,0
2000,41,Diffa,0
2000,41,Dosso,6
2000,41,Maradi,17
2000,41,Niamey,2
2000,41,Tahoua,45
2000,41,Tillaberi,0
2000,41,Zinder,0
2000,42,Agadez,0
2000,42,Diffa,0
2000,42,Dosso,6
2000,42,Maradi,23
2000,42,Niamey,2
2000,42,Tahoua,42
2000,42,Tillaberi,0
2000,42,Zinder,4
2000,43,Agadez,0
2000,43,Diffa,0
2000,43,Dosso,8
2000,43,Maradi,6
2000,43,Niamey,0
2000,43,Tahoua,47
2000,43,Tillaberi,1
2000,43,Zinder,8
2000,44,Agadez,0
2000,44,Diffa,0
2000,44,Dosso,3
2000,44,Maradi,10
2000,44,Niamey,1
2000,44,Tahoua,26
2000,44,Tillaberi,8
2000,44,Zinder,5
2000,45,Agadez,0
2000,45,Diffa,0
2000,45,Dosso,2
2000,45,Maradi,26
2000,45,Niamey,0
2000,45,Tahoua,52
2000,45,Tillaberi,3
2000,45,Zinder,2
2000,46,Agadez,0
2000,46,Diffa,0
2000,46,Dosso,4
2000,46,Maradi,44
2000,46,Niamey,0
2000,46,Tahoua,64
2000,46,Tillaberi,0
2000,46,Zinder,7
2000,47,Agadez,0
2000,47,Diffa,0
2000,47,Dosso,10
2000,47,Maradi,24
2000,47,Niamey,0
2000,47,Tahoua,110
2000,47,Tillaberi,0
2000,47,Zinder,8
2000,48,Agadez,0
2000,48,Diffa,0
2000,48,Dosso,6
2000,48,Maradi,63
2000,48,Niamey,1
2000,48,Tahoua,155
2000,48,Tillaberi,0
2000,48,Zinder,18
2000,49,Agadez,0
2000,49,Diffa,0
2000,49,Dosso,11
2000,49,Maradi,39
2000,49,Niamey,0
2000,49,Tahoua,139
2000,49,Tillaberi,0
2000,49,Zinder,7
2000,50,Agadez,0
2000,50,Diffa,0
2000,50,Dosso,10
2000,50,Maradi,78
2000,50,Niamey,5
2000,50,Tahoua,174
2000,50,Tillaberi,0
2000,50,Zinder,4
2000,51,Agadez,2
2000,51,Diffa,0
2000,51,Dosso,3
2000,51,Maradi,120
2000,51,Niamey,2
2000,51,Tahoua,240
2000,51,Tillaberi,12
2000,51,Zinder,14
2000,52,Agadez,0
2000,52,Diffa,0
2000,52,Dosso,2
2000,52,Maradi,85
2000,52,Niamey,4
2000,52,Tahoua,226
2000,52,Tillaberi,1
2000,52,Zinder,2
2001,1,Agadez,0
2001,1,Diffa,0
2001,1,Dosso,13
2001,1,Maradi,130
2001,1,Niamey,16
2001,1,Tahoua,226
2001,1,Tillaberi,10
2001,1,Zinder,15
2001,2,Agadez,0
2001,2,Diffa,0
2001,2,Dosso,16
2001,2,Maradi,114
2001,2,Niamey,17
2001,2,Tahoua,311
2001,2,Tillaberi,4
2001,2,Zinder,9
2001,3,Agadez,0
2001,3,Diffa,0
2001,3,Dosso,46
2001,3,Maradi,193
2001,3,Niamey,23
2001,3,Tahoua,359
2001,3,Tillaberi,4
2001,3,Zinder,14
2001,4,Agadez,0
2001,4,Diffa,0
2001,4,Dosso,54
2001,4,Maradi,234
2001,4,Niamey,39
2001,4,Tahoua,350
2001,4,Tillaberi,4
2001,4,Zinder,22
2001,5,Agadez,0
2001,5,Diffa,0
2001,5,Dosso,65
2001,5,Maradi,259
2001,5,Niamey,42
2001,5,Tahoua,441
2001,5,Tillaberi,19
2001,5,Zinder,17
2001,6,Agadez,0
2001,6,Diffa,1
2001,6,Dosso,68
2001,6,Maradi,297
2001,6,Niamey,93
2001,6,Tahoua,352
2001,6,Tillaberi,25
2001,6,Zinder,21
2001,7,Agadez,0
2001,7,Diffa,0
2001,7,Dosso,70
2001,7,Maradi,269
2001,7,Niamey,169
2001,7,Tahoua,368
2001,7,Tillaberi,37
2001,7,Zinder,56
2001,8,Agadez,1
2001,8,Diffa,11
2001,8,Dosso,77
2001,8,Maradi,357
2001,8,Niamey,207
2001,8,Tahoua,304
2001,8,Tillaberi,57
2001,8,Zinder,51
2001,9,Agadez,1
2001,9,Diffa,9
2001,9,Dosso,118
2001,9,Maradi,458
2001,9,Niamey,286
2001,9,Tahoua,352
2001,9,Tillaberi,75
2001,9,Zinder,81
2001,10,Agadez,13
2001,10,Diffa,10
2001,10,Dosso,107
2001,10,Maradi,442
2001,10,Niamey,375
2001,10,Tahoua,315
2001,10,Tillaberi,125
2001,10,Zinder,82
2001,11,Agadez,0
2001,11,Diffa,0
2001,11,Dosso,196
2001,11,Maradi,764
2001,11,Niamey,560
2001,11,Tahoua,404
2001,11,Tillaberi,249
2001,11,Zinder,122
2001,12,Agadez,5
2001,12,Diffa,0
2001,12,Dosso,251
2001,12,Maradi,828
2001,12,Niamey,703
2001,12,Tahoua,477
2001,12,Tillaberi,333
2001,12,Zinder,175
2001,13,Agadez,3
2001,13,Diffa,9
2001,13,Dosso,296
2001,13,Maradi,810
2001,13,Niamey,848
2001,13,Tahoua,553
2001,13,Tillaberi,446
2001,13,Zinder,204
2001,14,Agadez,5
2001,14,Diffa,14
2001,14,Dosso,479
2001,14,Maradi,1029
2001,14,Niamey,1066
2001,14,Tahoua,623
2001,14,Tillaberi,550
2001,14,Zinder,373
2001,15,Agadez,2
2001,15,Diffa,14
2001,15,Dosso,395
2001,15,Maradi,1166
2001,15,Niamey,1084
2001,15,Tahoua,686
2001,15,Tillaberi,700
2001,15,Zinder,538
2001,16,Agadez,14
2001,16,Diffa,22
2001,16,Dosso,466
2001,16,Maradi,1196
2001,16,Niamey,844
2001,16,Tahoua,648
2001,16,Tillaberi,604
2001,16,Zinder,486
2001,17,Agadez,5
2001,17,Diffa,23
2001,17,Dosso,395
2001,17,Maradi,1068
2001,17,Niamey,832
2001,17,Tahoua,664
2001,17,Tillaberi,637
2001,17,Zinder,653
2001,18,Agadez,7
2001,18,Diffa,35
2001,18,Dosso,349
2001,18,Maradi,1154
2001,18,Niamey,601
2001,18,Tahoua,574
2001,18,Tillaberi,506
2001,18,Zinder,628
2001,19,Agadez,0
2001,19,Diffa,37
2001,19,Dosso,303
2001,19,Maradi,981
2001,19,Niamey,387
2001,19,Tahoua,564
2001,19,Tillaberi,692
2001,19,Zinder,647
2001,20,Agadez,4
2001,20,Diffa,21
2001,20,Dosso,205
2001,20,Maradi,1006
2001,20,Niamey,426
2001,20,Tahoua,466
2001,20,Tillaberi,408
2001,20,Zinder,640
2001,21,Agadez,1
2001,21,Diffa,72
2001,21,Dosso,205
2001,21,Maradi,766
2001,21,Niamey,237
2001,21,Tahoua,378
2001,21,Tillaberi,412
2001,21,Zinder,606
2001,22,Agadez,4
2001,22,Diffa,26
2001,22,Dosso,137
2001,22,Maradi,987
2001,22,Niamey,132
2001,22,Tahoua,338
2001,22,Tillaberi,447
2001,22,Zinder,608
2001,23,Agadez,8
2001,23,Diffa,54
2001,23,Dosso,153
2001,23,Maradi,673
2001,23,Niamey,95
2001,23,Tahoua,365
2001,23,Tillaberi,186
2001,23,Zinder,623
2001,24,Agadez,8
2001,24,Diffa,65
2001,24,Dosso,136
2001,24,Maradi,531
2001,24,Niamey,45
2001,24,Tahoua,250
2001,24,Tillaberi,183
2001,24,Zinder,439
2001,25,Agadez,7
2001,25,Diffa,49
2001,25,Dosso,94
2001,25,Maradi,270
2001,25,Niamey,24
2001,25,Tahoua,207
2001,25,Tillaberi,146
2001,25,Zinder,342
2001,26,Agadez,4
2001,26,Diffa,49
2001,26,Dosso,52
2001,26,Maradi,193
2001,26,Niamey,13
2001,26,Tahoua,153
2001,26,Tillaberi,64
2001,26,Zinder,308
2001,27,Agadez,2
2001,27,Diffa,46
2001,27,Dosso,61
2001,27,Maradi,222
2001,27,Niamey,12
2001,27,Tahoua,124
2001,27,Tillaberi,106
2001,27,Zinder,291
2001,28,Agadez,2
2001,28,Diffa,41
2001,28,Dosso,29
2001,28,Maradi,196
2001,28,Niamey,1
2001,28,Tahoua,80
2001,28,Tillaberi,92
2001,28,Zinder,222
2001,29,Agadez,3
2001,29,Diffa,21
2001,29,Dosso,20
2001,29,Maradi,76
2001,29,Niamey,2
2001,29,Tahoua,80
2001,29,Tillaberi,61
2001,29,Zinder,173
2001,30,Agadez,6
2001,30,Diffa,13
2001,30,Dosso,23
2001,30,Maradi,53
2001,30,Niamey,4
2001,30,Tahoua,40
2001,30,Tillaberi,43
2001,30,Zinder,192
2001,31,Agadez,0
2001,31,Diffa,28
2001,31,Dosso,10
2001,31,Maradi,40
2001,31,Niamey,0
2001,31,Tahoua,32
2001,31,Tillaberi,43
2001,31,Zinder,91
2001,32,Agadez,1
2001,32,Diffa,13
2001,32,Dosso,6
2001,32,Maradi,64
2001,32,Niamey,0
2001,32,Tahoua,42
2001,32,Tillaberi,18
2001,32,Zinder,100
2001,33,Agadez,1
2001,33,Diffa,11
2001,33,Dosso,7
2001,33,Maradi,32
2001,33,Niamey,0
2001,33,Tahoua,29
2001,33,Tillaberi,21
2001,33,Zinder,67
2001,34,Agadez,3
2001,34,Diffa,12
2001,34,Dosso,2
2001,34,Maradi,18
2001,34,Niamey,0
2001,34,Tahoua,7
2001,34,Tillaberi,17
2001,34,Zinder,46
2001,35,Agadez,4
2001,35,Diffa,7
2001,35,Dosso,1
2001,35,Maradi,26
2001,35,Niamey,0
2001,35,Tahoua,17
2001,35,Tillaberi,70
2001,35,Zinder,56
2001,36,Agadez,2
2001,36,Diffa,11
2001,36,Dosso,0
2001,36,Maradi,8
2001,36,Niamey,0
2001,36,Tahoua,27
2001,36,Tillaberi,3
2001,36,Zinder,33
2001,37,Agadez,14
2001,37,Diffa,11
2001,37,Dosso,0
2001,37,Maradi,7
2001,37,Niamey,0
2001,37,Tahoua,12
2001,37,Tillaberi,13
2001,37,Zinder,39
2001,38,Agadez,6
2001,38,Diffa,4
2001,38,Dosso,2
2001,38,Maradi,1
2001,38,Niamey,0
2001,38,Tahoua,9
2001,38,Tillaberi,1
2001,38,Zinder,28
2001,39,Agadez,0
2001,39,Diffa,8
2001,39,Dosso,4
2001,39,Maradi,4
2001,39,Niamey,0
2001,39,Tahoua,4
2001,39,Tillaberi,8
2001,39,Zinder,31
2001,40,Agadez,9
2001,40,Diffa,10
2001,40,Dosso,36
2001,40,Maradi,13
2001,40,Niamey,0
2001,40,Tahoua,3
2001,40,Tillaberi,5
2001,40,Zinder,32
2001,41,Agadez,5
2001,41,Diffa,24
2001,41,Dosso,2
2001,41,Maradi,1
2001,41,Niamey,0
2001,41,Tahoua,0
2001,41,Tillaberi,0
2001,41,Zinder,77
2001,42,Agadez,12
2001,42,Diffa,18
2001,42,Dosso,6
2001,42,Maradi,3
2001,42,Niamey,0
2001,42,Tahoua,14
2001,42,Tillaberi,2
2001,42,Zinder,58
2001,43,Agadez,11
2001,43,Diffa,9
2001,43,Dosso,2
2001,43,Maradi,1
2001,43,Niamey,0
2001,43,Tahoua,7
2001,43,Tillaberi,1
2001,43,Zinder,35
2001,44,Agadez,28
2001,44,Diffa,7
2001,44,Dosso,1
2001,44,Maradi,1
2001,44,Niamey,0
2001,44,Tahoua,1
2001,44,Tillaberi,0
2001,44,Zinder,47
2001,45,Agadez,20
2001,45,Diffa,4
2001,45,Dosso,1
2001,45,Maradi,1
2001,45,Niamey,0
2001,45,Tahoua,5
2001,45,Tillaberi,0
2001,45,Zinder,22
2001,46,Agadez,18
2001,46,Diffa,2
2001,46,Dosso,1
2001,46,Maradi,0
2001,46,Niamey,0
2001,46,Tahoua,0
2001,46,Tillaberi,0
2001,46,Zinder,19
2001,47,Agadez,13
2001,47,Diffa,6
2001,47,Dosso,5
2001,47,Maradi,2
2001,47,Niamey,0
2001,47,Tahoua,8
2001,47,Tillaberi,14
2001,47,Zinder,56
2001,48,Agadez,55
2001,48,Diffa,12
2001,48,Dosso,0
2001,48,Maradi,1
2001,48,Niamey,0
2001,48,Tahoua,4
2001,48,Tillaberi,4
2001,48,Zinder,69
2001,49,Agadez,21
2001,49,Diffa,21
2001,49,Dosso,0
2001,49,Maradi,1
2001,49,Niamey,0
2001,49,Tahoua,11
2001,49,Tillaberi,33
2001,49,Zinder,59
2001,50,Agadez,18
2001,50,Diffa,8
2001,50,Dosso,3
2001,50,Maradi,4
2001,50,Niamey,0
2001,50,Tahoua,18
2001,50,Tillaberi,12
2001,50,Zinder,93
2001,51,Agadez,10
2001,51,Diffa,9
2001,51,Dosso,4
2001,51,Maradi,2
2001,51,Niamey,0
2001,51,Tahoua,20
2001,51,Tillaberi,4
2001,51,Zinder,162
2001,52,Agadez,24
2001,52,Diffa,24
2001,52,Dosso,0
2001,52,Maradi,3
2001,52,Niamey,1
2001,52,Tahoua,48
2001,52,Tillaberi,0
2001,52,Zinder,108
2002,1,Agadez,19
2002,1,Diffa,16
2002,1,Dosso,2
2002,1,Maradi,21
2002,1,Niamey,4
2002,1,Tahoua,98
2002,1,Tillaberi,1
2002,1,Zinder,172
2002,2,Agadez,42
2002,2,Diffa,19
2002,2,Dosso,11
2002,2,Maradi,4
2002,2,Niamey,2
2002,2,Tahoua,68
2002,2,Tillaberi,0
2002,2,Zinder,243
2002,3,Agadez,46
2002,3,Diffa,17
2002,3,Dosso,8
2002,3,Maradi,11
2002,3,Niamey,4
2002,3,Tahoua,99
2002,3,Tillaberi,1
2002,3,Zinder,306
2002,4,Agadez,52
2002,4,Diffa,37
2002,4,Dosso,36
2002,4,Maradi,36
2002,4,Niamey,1
2002,4,Tahoua,86
2002,4,Tillaberi,9
2002,4,Zinder,394
2002,5,Agadez,42
2002,5,Diffa,25
2002,5,Dosso,2
2002,5,Maradi,10
2002,5,Niamey,2
2002,5,Tahoua,113
2002,5,Tillaberi,2
2002,5,Zinder,299
2002,6,Agadez,29
2002,6,Diffa,36
2002,6,Dosso,6
2002,6,Maradi,26
2002,6,Niamey,1
2002,6,Tahoua,78
2002,6,Tillaberi,8
2002,6,Zinder,378
2002,7,Agadez,91
2002,7,Diffa,35
2002,7,Dosso,26
2002,7,Maradi,59
2002,7,Niamey,1
2002,7,Tahoua,62
2002,7,Tillaberi,4
2002,7,Zinder,324
2002,8,Agadez,35
2002,8,Diffa,40
2002,8,Dosso,3
2002,8,Maradi,44
2002,8,Niamey,1
2002,8,Tahoua,101
2002,8,Tillaberi,13
2002,8,Zinder,415
2002,9,Agadez,36
2002,9,Diffa,45
2002,9,Dosso,22
2002,9,Maradi,74
2002,9,Niamey,3
2002,9,Tahoua,112
2002,9,Tillaberi,17
2002,9,Zinder,540
2002,10,Agadez,54
2002,10,Diffa,83
2002,10,Dosso,19
2002,10,Maradi,117
2002,10,Niamey,2
2002,10,Tahoua,160
2002,10,Tillaberi,28
2002,10,Zinder,654
2002,11,Agadez,42
2002,11,Diffa,78
2002,11,Dosso,27
2002,11,Maradi,134
2002,11,Niamey,2
2002,11,Tahoua,136
2002,11,Tillaberi,29
2002,11,Zinder,826
2002,12,Agadez,90
2002,12,Diffa,67
2002,12,Dosso,44
2002,12,Maradi,179
2002,12,Niamey,6
2002,12,Tahoua,172
2002,12,Tillaberi,82
2002,12,Zinder,923
2002,13,Agadez,70
2002,13,Diffa,83
2002,13,Dosso,36
2002,13,Maradi,94
2002,13,Niamey,6
2002,13,Tahoua,166
2002,13,Tillaberi,38
2002,13,Zinder,1026
2002,14,Agadez,92
2002,14,Diffa,91
2002,14,Dosso,33
2002,14,Maradi,146
2002,14,Niamey,17
2002,14,Tahoua,195
2002,14,Tillaberi,69
2002,14,Zinder,886
2002,15,Agadez,90
2002,15,Diffa,86
2002,15,Dosso,46
2002,15,Maradi,96
2002,15,Niamey,12
2002,15,Tahoua,182
2002,15,Tillaberi,53
2002,15,Zinder,954
2002,16,Agadez,108
2002,16,Diffa,83
2002,16,Dosso,49
2002,16,Maradi,157
2002,16,Niamey,16
2002,16,Tahoua,167
2002,16,Tillaberi,3
2002,16,Zinder,1031
2002,17,Agadez,85
2002,17,Diffa,95
2002,17,Dosso,57
2002,17,Maradi,92
2002,17,Niamey,21
2002,17,Tahoua,198
2002,17,Tillaberi,54
2002,17,Zinder,1208
2002,18,Agadez,71
2002,18,Diffa,59
2002,18,Dosso,43
2002,18,Maradi,113
2002,18,Niamey,17
2002,18,Tahoua,188
2002,18,Tillaberi,15
2002,18,Zinder,1188
2002,19,Agadez,85
2002,19,Diffa,77
2002,19,Dosso,52
2002,19,Maradi,92
2002,19,Niamey,14
2002,19,Tahoua,194
2002,19,Tillaberi,21
2002,19,Zinder,1084
2002,20,Agadez,64
2002,20,Diffa,63
2002,20,Dosso,31
2002,20,Maradi,121
2002,20,Niamey,4
2002,20,Tahoua,163
2002,20,Tillaberi,72
2002,20,Zinder,1105
2002,21,Agadez,64
2002,21,Diffa,40
2002,21,Dosso,15
2002,21,Maradi,44
2002,21,Niamey,4
2002,21,Tahoua,166
2002,21,Tillaberi,68
2002,21,Zinder,1057
2002,22,Agadez,47
2002,22,Diffa,46
2002,22,Dosso,43
2002,22,Maradi,93
2002,22,Niamey,8
2002,22,Tahoua,122
2002,22,Tillaberi,34
2002,22,Zinder,1021
2002,23,Agadez,48
2002,23,Diffa,82
2002,23,Dosso,20
2002,23,Maradi,57
2002,23,Niamey,6
2002,23,Tahoua,124
2002,23,Tillaberi,44
2002,23,Zinder,704
2002,24,Agadez,36
2002,24,Diffa,91
2002,24,Dosso,26
2002,24,Maradi,86
2002,24,Niamey,2
2002,24,Tahoua,123
2002,24,Tillaberi,22
2002,24,Zinder,840
2002,25,Agadez,31
2002,25,Diffa,89
2002,25,Dosso,30
2002,25,Maradi,35
2002,25,Niamey,1
2002,25,Tahoua,109
2002,25,Tillaberi,17
2002,25,Zinder,842
2002,26,Agadez,24
2002,26,Diffa,37
2002,26,Dosso,25
2002,26,Maradi,44
2002,26,Niamey,0
2002,26,Tahoua,53
2002,26,Tillaberi,44
2002,26,Zinder,601
2002,27,Agadez,33
2002,27,Diffa,42
2002,27,Dosso,23
2002,27,Maradi,36
2002,27,Niamey,0
2002,27,Tahoua,49
2002,27,Tillaberi,17
2002,27,Zinder,626
2002,28,Agadez,43
2002,28,Diffa,50
2002,28,Dosso,11
2002,28,Maradi,17
2002,28,Niamey,1
2002,28,Tahoua,24
2002,28,Tillaberi,28
2002,28,Zinder,474
2002,29,Agadez,26
2002,29,Diffa,25
2002,29,Dosso,10
2002,29,Maradi,21
2002,29,Niamey,0
2002,29,Tahoua,34
2002,29,Tillaberi,21
2002,29,Zinder,356
2002,30,Agadez,19
2002,30,Diffa,16
2002,30,Dosso,3
2002,30,Maradi,11
2002,30,Niamey,2
2002,30,Tahoua,17
2002,30,Tillaberi,6
2002,30,Zinder,284
2002,31,Agadez,8
2002,31,Diffa,19
2002,31,Dosso,1
2002,31,Maradi,16
2002,31,Niamey,2
2002,31,Tahoua,17
2002,31,Tillaberi,4
2002,31,Zinder,216
2002,32,Agadez,10
2002,32,Diffa,14
2002,32,Dosso,0
2002,32,Maradi,9
2002,32,Niamey,1
2002,32,Tahoua,37
2002,32,Tillaberi,2
2002,32,Zinder,198
2002,33,Agadez,12
2002,33,Diffa,8
2002,33,Dosso,4
2002,33,Maradi,20
2002,33,Niamey,0
2002,33,Tahoua,15
2002,33,Tillaberi,6
2002,33,Zinder,132
2002,34,Agadez,11
2002,34,Diffa,16
2002,34,Dosso,3
2002,34,Maradi,5
2002,34,Niamey,0
2002,34,Tahoua,16
2002,34,Tillaberi,0
2002,34,Zinder,188
2002,35,Agadez,4
2002,35,Diffa,0
2002,35,Dosso,6
2002,35,Maradi,15
2002,35,Niamey,0
2002,35,Tahoua,6
2002,35,Tillaberi,0
2002,35,Zinder,185
2002,36,Agadez,6
2002,36,Diffa,1
2002,36,Dosso,3
2002,36,Maradi,20
2002,36,Niamey,0
2002,36,Tahoua,6
2002,36,Tillaberi,6
2002,36,Zinder,93
2002,37,Agadez,5
2002,37,Diffa,2
2002,37,Dosso,5
2002,37,Maradi,3
2002,37,Niamey,0
2002,37,Tahoua,1
2002,37,Tillaberi,5
2002,37,Zinder,75
2002,38,Agadez,5
2002,38,Diffa,1
2002,38,Dosso,0
2002,38,Maradi,30
2002,38,Niamey,0
2002,38,Tahoua,2
2002,38,Tillaberi,23
2002,38,Zinder,64
2002,39,Agadez,2
2002,39,Diffa,7
2002,39,Dosso,2
2002,39,Maradi,25
2002,39,Niamey,0
2002,39,Tahoua,4
2002,39,Tillaberi,1
2002,39,Zinder,54
2002,40,Agadez,0
2002,40,Diffa,0
2002,40,Dosso,0
2002,40,Maradi,7
2002,40,Niamey,0
2002,40,Tahoua,4
2002,40,Tillaberi,0
2002,40,Zinder,59
2002,41,Agadez,0
2002,41,Diffa,0
2002,41,Dosso,3
2002,41,Maradi,10
2002,41,Niamey,0
2002,41,Tahoua,1
2002,41,Tillaberi,1
2002,41,Zinder,84
2002,42,Agadez,0
2002,42,Diffa,0
2002,42,Dosso,0
2002,42,Maradi,1
2002,42,Niamey,0
2002,42,Tahoua,20
2002,42,Tillaberi,1
2002,42,Zinder,51
2002,43,Agadez,0
2002,43,Diffa,0
2002,43,Dosso,0
2002,43,Maradi,2
2002,43,Niamey,0
2002,43,Tahoua,4
2002,43,Tillaberi,3
2002,43,Zinder,71
2002,44,Agadez,0
2002,44,Diffa,0
2002,44,Dosso,0
2002,44,Maradi,5
2002,44,Niamey,0
2002,44,Tahoua,3
2002,44,Tillaberi,3
2002,44,Zinder,43
2002,45,Agadez,0
2002,45,Diffa,0
2002,45,Dosso,22
2002,45,Maradi,7
2002,45,Niamey,0
2002,45,Tahoua,4
2002,45,Tillaberi,0
2002,45,Zinder,77
2002,46,Agadez,0
2002,46,Diffa,0
2002,46,Dosso,2
2002,46,Maradi,5
2002,46,Niamey,1
2002,46,Tahoua,6
2002,46,Tillaberi,0
2002,46,Zinder,36
2002,47,Agadez,0
2002,47,Diffa,0
2002,47,Dosso,1
2002,47,Maradi,19
2002,47,Niamey,0
2002,47,Tahoua,11
2002,47,Tillaberi,0
2002,47,Zinder,56
2002,48,Agadez,2
2002,48,Diffa,0
2002,48,Dosso,1
2002,48,Maradi,20
2002,48,Niamey,0
2002,48,Tahoua,0
2002,48,Tillaberi,0
2002,48,Zinder,49
2002,49,Agadez,0
2002,49,Diffa,0
2002,49,Dosso,1
2002,49,Maradi,10
2002,49,Niamey,0
2002,49,Tahoua,4
2002,49,Tillaberi,0
2002,49,Zinder,96
2002,50,Agadez,0
2002,50,Diffa,0
2002,50,Dosso,2
2002,50,Maradi,41
2002,50,Niamey,1
2002,50,Tahoua,4
2002,50,Tillaberi,0
2002,50,Zinder,25
2002,51,Agadez,0
2002,51,Diffa,0
2002,51,Dosso,1
2002,51,Maradi,53
2002,51,Niamey,0
2002,51,Tahoua,9
2002,51,Tillaberi,11
2002,51,Zinder,127
2002,52,Agadez,0
2002,52,Diffa,0
2002,52,Dosso,9
2002,52,Maradi,28
2002,52,Niamey,0
2002,52,Tahoua,13
2002,52,Tillaberi,16
2002,52,Zinder,128
2003,1,Agadez,0
2003,1,Diffa,1
2003,1,Dosso,7
2003,1,Maradi,65
2003,1,Niamey,1
2003,1,Tahoua,21
2003,1,Tillaberi,49
2003,1,Zinder,193
2003,2,Agadez,2
2003,2,Diffa,4
2003,2,Dosso,1
2003,2,Maradi,87
2003,2,Niamey,1
2003,2,Tahoua,21
2003,2,Tillaberi,20
2003,2,Zinder,195
2003,3,Agadez,2
2003,3,Diffa,0
2003,3,Dosso,23
2003,3,Maradi,111
2003,3,Niamey,0
2003,3,Tahoua,38
2003,3,Tillaberi,47
2003,3,Zinder,296
2003,4,Agadez,3
2003,4,Diffa,0
2003,4,Dosso,26
2003,4,Maradi,153
2003,4,Niamey,2
2003,4,Tahoua,40
2003,4,Tillaberi,49
2003,4,Zinder,402
2003,5,Agadez,2
2003,5,Diffa,1
2003,5,Dosso,42
2003,5,Maradi,215
2003,5,Niamey,2
2003,5,Tahoua,60
2003,5,Tillaberi,78
2003,5,Zinder,455
2003,6,Agadez,5
2003,6,Diffa,1
2003,6,Dosso,39
2003,6,Maradi,186
2003,6,Niamey,0
2003,6,Tahoua,45
2003,6,Tillaberi,92
2003,6,Zinder,623
2003,7,Agadez,6
2003,7,Diffa,1
2003,7,Dosso,106
2003,7,Maradi,273
2003,7,Niamey,0
2003,7,Tahoua,84
2003,7,Tillaberi,105
2003,7,Zinder,620
2003,8,Agadez,14
2003,8,Diffa,5
2003,8,Dosso,142
2003,8,Maradi,347
2003,8,Niamey,5
2003,8,Tahoua,106
2003,8,Tillaberi,74
2003,8,Zinder,731
2003,9,Agadez,14
2003,9,Diffa,12
2003,9,Dosso,236
2003,9,Maradi,370
2003,9,Niamey,8
2003,9,Tahoua,93
2003,9,Tillaberi,94
2003,9,Zinder,857
2003,10,Agadez,8
2003,10,Diffa,14
2003,10,Dosso,175
2003,10,Maradi,370
2003,10,Niamey,8
2003,10,Tahoua,117
2003,10,Tillaberi,167
2003,10,Zinder,904
2003,11,Agadez,3
2003,11,Diffa,31
2003,11,Dosso,261
2003,11,Maradi,479
2003,11,Niamey,6
2003,11,Tahoua,152
2003,11,Tillaberi,149
2003,11,Zinder,1161
2003,12,Agadez,36
2003,12,Diffa,25
2003,12,Dosso,264
2003,12,Maradi,566
2003,12,Niamey,20
2003,12,Tahoua,190
2003,12,Tillaberi,162
2003,12,Zinder,1134
2003,13,Agadez,1
2003,13,Diffa,31
2003,13,Dosso,344
2003,13,Maradi,630
2003,13,Niamey,6
2003,13,Tahoua,174
2003,13,Tillaberi,176
2003,13,Zinder,1342
2003,14,Agadez,5
2003,14,Diffa,18
2003,14,Dosso,227
2003,14,Maradi,711
2003,14,Niamey,12
2003,14,Tahoua,209
2003,14,Tillaberi,154
2003,14,Zinder,1376
2003,15,Agadez,7
2003,15,Diffa,55
2003,15,Dosso,241
2003,15,Maradi,789
2003,15,Niamey,9
2003,15,Tahoua,238
2003,15,Tillaberi,168
2003,15,Zinder,1303
2003,16,Agadez,4
2003,16,Diffa,24
2003,16,Dosso,318
2003,16,Maradi,676
2003,16,Niamey,9
2003,16,Tahoua,255
2003,16,Tillaberi,163
2003,16,Zinder,1258
2003,17,Agadez,4
2003,17,Diffa,33
2003,17,Dosso,264
2003,17,Maradi,532
2003,17,Niamey,9
2003,17,Tahoua,286
2003,17,Tillaberi,132
2003,17,Zinder,1208
2003,18,Agadez,8
2003,18,Diffa,13
2003,18,Dosso,257
2003,18,Maradi,608
2003,18,Niamey,12
2003,18,Tahoua,289
2003,18,Tillaberi,206
2003,18,Zinder,1228
2003,19,Agadez,12
2003,19,Diffa,23
2003,19,Dosso,143
2003,19,Maradi,537
2003,19,Niamey,8
2003,19,Tahoua,289
2003,19,Tillaberi,208
2003,19,Zinder,1182
2003,20,Agadez,13
2003,20,Diffa,36
2003,20,Dosso,179
2003,20,Maradi,590
2003,20,Niamey,11
2003,20,Tahoua,305
2003,20,Tillaberi,219
2003,20,Zinder,1282
2003,21,Agadez,5
2003,21,Diffa,40
2003,21,Dosso,174
2003,21,Maradi,726
2003,21,Niamey,17
2003,21,Tahoua,331
2003,21,Tillaberi,207
2003,21,Zinder,1310
2003,22,Agadez,6
2003,22,Diffa,36
2003,22,Dosso,137
2003,22,Maradi,851
2003,22,Niamey,19
2003,22,Tahoua,313
2003,22,Tillaberi,179
2003,22,Zinder,1157
2003,23,Agadez,8
2003,23,Diffa,24
2003,23,Dosso,116
2003,23,Maradi,687
2003,23,Niamey,6
2003,23,Tahoua,291
2003,23,Tillaberi,125
2003,23,Zinder,797
2003,24,Agadez,7
2003,24,Diffa,55
2003,24,Dosso,115
2003,24,Maradi,667
2003,24,Niamey,9
2003,24,Tahoua,338
2003,24,Tillaberi,67
2003,24,Zinder,958
2003,25,Agadez,3
2003,25,Diffa,1
2003,25,Dosso,70
2003,25,Maradi,454
2003,25,Niamey,7
2003,25,Tahoua,236
2003,25,Tillaberi,58
2003,25,Zinder,764
2003,26,Agadez,5
2003,26,Diffa,22
2003,26,Dosso,36
2003,26,Maradi,349
2003,26,Niamey,8
2003,26,Tahoua,236
2003,26,Tillaberi,33
2003,26,Zinder,598
2003,27,Agadez,5
2003,27,Diffa,26
2003,27,Dosso,16
2003,27,Maradi,254
2003,27,Niamey,7
2003,27,Tahoua,173
2003,27,Tillaberi,27
2003,27,Zinder,492
2003,28,Agadez,2
2003,28,Diffa,1
2003,28,Dosso,18
2003,28,Maradi,212
2003,28,Niamey,1
2003,28,Tahoua,181
2003,28,Tillaberi,15
2003,28,Zinder,395
2003,29,Agadez,6
2003,29,Diffa,24
2003,29,Dosso,8
2003,29,Maradi,204
2003,29,Niamey,5
2003,29,Tahoua,158
2003,29,Tillaberi,33
2003,29,Zinder,284
2003,30,Agadez,4
2003,30,Diffa,4
2003,30,Dosso,3
2003,30,Maradi,205
2003,30,Niamey,0
2003,30,Tahoua,155
2003,30,Tillaberi,16
2003,30,Zinder,376
2003,31,Agadez,12
2003,31,Diffa,3
2003,31,Dosso,3
2003,31,Maradi,162
2003,31,Niamey,0
2003,31,Tahoua,164
2003,31,Tillaberi,13
2003,31,Zinder,202
2003,32,Agadez,16
2003,32,Diffa,13
2003,32,Dosso,1
2003,32,Maradi,115
2003,32,Niamey,0
2003,32,Tahoua,112
2003,32,Tillaberi,11
2003,32,Zinder,173
2003,33,Agadez,11
2003,33,Diffa,0
2003,33,Dosso,6
2003,33,Maradi,86
2003,33,Niamey,1
2003,33,Tahoua,139
2003,33,Tillaberi,0
2003,33,Zinder,109
2003,34,Agadez,15
2003,34,Diffa,3
2003,34,Dosso,6
2003,34,Maradi,87
2003,34,Niamey,0
2003,34,Tahoua,115
2003,34,Tillaberi,16
2003,34,Zinder,107
2003,35,Agadez,13
2003,35,Diffa,0
2003,35,Dosso,3
2003,35,Maradi,65
2003,35,Niamey,0
2003,35,Tahoua,87
2003,35,Tillaberi,8
2003,35,Zinder,83
2003,36,Agadez,16
2003,36,Diffa,8
2003,36,Dosso,0
2003,36,Maradi,75
2003,36,Niamey,0
2003,36,Tahoua,88
2003,36,Tillaberi,16
2003,36,Zinder,54
2003,37,Agadez,27
2003,37,Diffa,0
2003,37,Dosso,1
2003,37,Maradi,66
2003,37,Niamey,0
2003,37,Tahoua,69
2003,37,Tillaberi,12
2003,37,Zinder,75
2003,38,Agadez,23
2003,38,Diffa,0
2003,38,Dosso,1
2003,38,Maradi,34
2003,38,Niamey,0
2003,38,Tahoua,85
2003,38,Tillaberi,5
2003,38,Zinder,85
2003,39,Agadez,18
2003,39,Diffa,0
2003,39,Dosso,0
2003,39,Maradi,36
2003,39,Niamey,3
2003,39,Tahoua,90
2003,39,Tillaberi,2
2003,39,Zinder,41
2003,40,Agadez,17
2003,40,Diffa,0
2003,40,Dosso,0
2003,40,Maradi,30
2003,40,Niamey,2
2003,40,Tahoua,97
2003,40,Tillaberi,3
2003,40,Zinder,46
2003,41,Agadez,6
2003,41,Diffa,0
2003,41,Dosso,0
2003,41,Maradi,37
2003,41,Niamey,6
2003,41,Tahoua,105
2003,41,Tillaberi,5
2003,41,Zinder,29
2003,42,Agadez,2
2003,42,Diffa,0
2003,42,Dosso,1
2003,42,Maradi,43
2003,42,Niamey,1
2003,42,Tahoua,80
2003,42,Tillaberi,7
2003,42,Zinder,36
2003,43,Agadez,4
2003,43,Diffa,0
2003,43,Dosso,4
2003,43,Maradi,21
2003,43,Niamey,0
2003,43,Tahoua,76
2003,43,Tillaberi,12
2003,43,Zinder,26
2003,44,Agadez,14
2003,44,Diffa,0
2003,44,Dosso,7
2003,44,Maradi,26
2003,44,Niamey,5
2003,44,Tahoua,91
2003,44,Tillaberi,7
2003,44,Zinder,52
2003,45,Agadez,5
2003,45,Diffa,0
2003,45,Dosso,4
2003,45,Maradi,79
2003,45,Niamey,9
2003,45,Tahoua,87
2003,45,Tillaberi,1
2003,45,Zinder,32
2003,46,Agadez,7
2003,46,Diffa,0
2003,46,Dosso,1
2003,46,Maradi,42
2003,46,Niamey,1
2003,46,Tahoua,86
2003,46,Tillaberi,16
2003,46,Zinder,47
2003,47,Agadez,20
2003,47,Diffa,0
2003,47,Dosso,0
2003,47,Maradi,78
2003,47,Niamey,21
2003,47,Tahoua,108
2003,47,Tillaberi,9
2003,47,Zinder,54
2003,48,Agadez,1
2003,48,Diffa,0
2003,48,Dosso,3
2003,48,Maradi,34
2003,48,Niamey,17
2003,48,Tahoua,99
2003,48,Tillaberi,16
2003,48,Zinder,24
2003,49,Agadez,13
2003,49,Diffa,0
2003,49,Dosso,3
2003,49,Maradi,63
2003,49,Niamey,33
2003,49,Tahoua,153
2003,49,Tillaberi,51
2003,49,Zinder,57
2003,50,Agadez,9
2003,50,Diffa,0
2003,50,Dosso,1
2003,50,Maradi,87
2003,50,Niamey,32
2003,50,Tahoua,202
2003,50,Tillaberi,16
2003,50,Zinder,92
2003,51,Agadez,1
2003,51,Diffa,0
2003,51,Dosso,7
2003,51,Maradi,107
2003,51,Niamey,28
2003,51,Tahoua,302
2003,51,Tillaberi,13
2003,51,Zinder,84
2003,52,Agadez,6
2003,52,Diffa,0
2003,52,Dosso,8
2003,52,Maradi,124
2003,52,Niamey,61
2003,52,Tahoua,267
2003,52,Tillaberi,49
2003,52,Zinder,122
2004,1,Agadez,11
2004,1,Diffa,0
2004,1,Dosso,7
2004,1,Maradi,134
2004,1,Niamey,60
2004,1,Tahoua,333
2004,1,Tillaberi,124
2004,1,Zinder,141
2004,2,Agadez,12
2004,2,Diffa,1
2004,2,Dosso,30
2004,2,Maradi,236
2004,2,Niamey,62
2004,2,Tahoua,319
2004,2,Tillaberi,123
2004,2,Zinder,63
2004,3,Agadez,17
2004,3,Diffa,3
2004,3,Dosso,49
2004,3,Maradi,191
2004,3,Niamey,81
2004,3,Tahoua,332
2004,3,Tillaberi,47
2004,3,Zinder,108
2004,4,Agadez,12
2004,4,Diffa,4
2004,4,Dosso,97
2004,4,Maradi,190
2004,4,Niamey,99
2004,4,Tahoua,438
2004,4,Tillaberi,121
2004,4,Zinder,123
2004,5,Agadez,16
2004,5,Diffa,5
2004,5,Dosso,111
2004,5,Maradi,176
2004,5,Niamey,115
2004,5,Tahoua,435
2004,5,Tillaberi,206
2004,5,Zinder,110
2004,6,Agadez,18
2004,6,Diffa,0
2004,6,Dosso,141
2004,6,Maradi,243
2004,6,Niamey,209
2004,6,Tahoua,579
2004,6,Tillaberi,291
2004,6,Zinder,127
2004,7,Agadez,17
2004,7,Diffa,34
2004,7,Dosso,147
2004,7,Maradi,251
2004,7,Niamey,211
2004,7,Tahoua,818
2004,7,Tillaberi,364
2004,7,Zinder,144
2004,8,Agadez,29
2004,8,Diffa,16
2004,8,Dosso,209
2004,8,Maradi,270
2004,8,Niamey,394
2004,8,Tahoua,608
2004,8,Tillaberi,414
2004,8,Zinder,115
2004,9,Agadez,23
2004,9,Diffa,53
2004,9,Dosso,262
2004,9,Maradi,244
2004,9,Niamey,378
2004,9,Tahoua,704
2004,9,Tillaberi,595
2004,9,Zinder,151
2004,10,Agadez,25
2004,10,Diffa,38
2004,10,Dosso,266
2004,10,Maradi,240
2004,10,Niamey,849
2004,10,Tahoua,638
2004,10,Tillaberi,619
2004,10,Zinder,124
2004,11,Agadez,43
2004,11,Diffa,71
2004,11,Dosso,374
2004,11,Maradi,350
2004,11,Niamey,1131
2004,11,Tahoua,795
2004,11,Tillaberi,965
2004,11,Zinder,183
2004,12,Agadez,26
2004,12,Diffa,83
2004,12,Dosso,444
2004,12,Maradi,278
2004,12,Niamey,1076
2004,12,Tahoua,1005
2004,12,Tillaberi,795
2004,12,Zinder,148
2004,13,Agadez,62
2004,13,Diffa,56
2004,13,Dosso,484
2004,13,Maradi,409
2004,13,Niamey,1138
2004,13,Tahoua,1034
2004,13,Tillaberi,860
2004,13,Zinder,180
2004,14,Agadez,44
2004,14,Diffa,59
2004,14,Dosso,486
2004,14,Maradi,299
2004,14,Niamey,823
2004,14,Tahoua,1089
2004,14,Tillaberi,772
2004,14,Zinder,125
2004,15,Agadez,46
2004,15,Diffa,79
2004,15,Dosso,570
2004,15,Maradi,441
2004,15,Niamey,1514
2004,15,Tahoua,1063
2004,15,Tillaberi,1118
2004,15,Zinder,182
2004,16,Agadez,58
2004,16,Diffa,90
2004,16,Dosso,591
2004,16,Maradi,493
2004,16,Niamey,896
2004,16,Tahoua,886
2004,16,Tillaberi,1251
2004,16,Zinder,142
2004,17,Agadez,50
2004,17,Diffa,36
2004,17,Dosso,558
2004,17,Maradi,451
2004,17,Niamey,1036
2004,17,Tahoua,1177
2004,17,Tillaberi,1021
2004,17,Zinder,212
2004,18,Agadez,36
2004,18,Diffa,43
2004,18,Dosso,386
2004,18,Maradi,503
2004,18,Niamey,498
2004,18,Tahoua,981
2004,18,Tillaberi,852
2004,18,Zinder,221
2004,19,Agadez,33
2004,19,Diffa,43
2004,19,Dosso,392
2004,19,Maradi,454
2004,19,Niamey,287
2004,19,Tahoua,1010
2004,19,Tillaberi,589
2004,19,Zinder,293
2004,20,Agadez,27
2004,20,Diffa,47
2004,20,Dosso,238
2004,20,Maradi,481
2004,20,Niamey,208
2004,20,Tahoua,691
2004,20,Tillaberi,360
2004,20,Zinder,309
2004,21,Agadez,20
2004,21,Diffa,112
2004,21,Dosso,158
2004,21,Maradi,412
2004,21,Niamey,108
2004,21,Tahoua,499
2004,21,Tillaberi,427
2004,21,Zinder,453
2004,22,Agadez,15
2004,22,Diffa,41
2004,22,Dosso,190
2004,22,Maradi,424
2004,22,Niamey,32
2004,22,Tahoua,455
2004,22,Tillaberi,288
2004,22,Zinder,279
2004,23,Agadez,26
2004,23,Diffa,16
2004,23,Dosso,138
2004,23,Maradi,385
2004,23,Niamey,24
2004,23,Tahoua,420
2004,23,Tillaberi,199
2004,23,Zinder,164
2004,24,Agadez,11
2004,24,Diffa,91
2004,24,Dosso,142
2004,24,Maradi,316
2004,24,Niamey,24
2004,24,Tahoua,249
2004,24,Tillaberi,145
2004,24,Zinder,176
2004,25,Agadez,30
2004,25,Diffa,12
2004,25,Dosso,96
2004,25,Maradi,247
2004,25,Niamey,12
2004,25,Tahoua,291
2004,25,Tillaberi,133
2004,25,Zinder,105
2004,26,Agadez,15
2004,26,Diffa,26
2004,26,Dosso,89
2004,26,Maradi,179
2004,26,Niamey,6
2004,26,Tahoua,203
2004,26,Tillaberi,110
2004,26,Zinder,103
2004,27,Agadez,17
2004,27,Diffa,5
2004,27,Dosso,31
2004,27,Maradi,108
2004,27,Niamey,3
2004,27,Tahoua,130
2004,27,Tillaberi,69
2004,27,Zinder,80
2004,28,Agadez,8
2004,28,Diffa,10
2004,28,Dosso,43
2004,28,Maradi,63
2004,28,Niamey,2
2004,28,Tahoua,104
2004,28,Tillaberi,62
2004,28,Zinder,84
2004,29,Agadez,11
2004,29,Diffa,16
2004,29,Dosso,24
2004,29,Maradi,54
2004,29,Niamey,2
2004,29,Tahoua,128
2004,29,Tillaberi,40
2004,29,Zinder,64
2004,30,Agadez,13
2004,30,Diffa,2
2004,30,Dosso,24
2004,30,Maradi,47
2004,30,Niamey,2
2004,30,Tahoua,52
2004,30,Tillaberi,34
2004,30,Zinder,25
2004,31,Agadez,10
2004,31,Diffa,4
2004,31,Dosso,10
2004,31,Maradi,33
2004,31,Niamey,2
2004,31,Tahoua,41
2004,31,Tillaberi,32
2004,31,Zinder,19
2004,32,Agadez,11
2004,32,Diffa,7
2004,32,Dosso,17
2004,32,Maradi,23
2004,32,Niamey,2
2004,32,Tahoua,31
2004,32,Tillaberi,38
2004,32,Zinder,12
2004,33,Agadez,11
2004,33,Diffa,11
2004,33,Dosso,13
2004,33,Maradi,34
2004,33,Niamey,0
2004,33,Tahoua,23
2004,33,Tillaberi,23
2004,33,Zinder,16
2004,34,Agadez,6
2004,34,Diffa,0
2004,34,Dosso,11
2004,34,Maradi,13
2004,34,Niamey,0
2004,34,Tahoua,2
2004,34,Tillaberi,9
2004,34,Zinder,7
2004,35,Agadez,6
2004,35,Diffa,2
2004,35,Dosso,9
2004,35,Maradi,7
2004,35,Niamey,0
2004,35,Tahoua,12
2004,35,Tillaberi,7
2004,35,Zinder,8
2004,36,Agadez,3
2004,36,Diffa,1
2004,36,Dosso,11
2004,36,Maradi,10
2004,36,Niamey,0
2004,36,Tahoua,19
2004,36,Tillaberi,2
2004,36,Zinder,3
2004,37,Agadez,2
2004,37,Diffa,1
2004,37,Dosso,8
2004,37,Maradi,7
2004,37,Niamey,0
2004,37,Tahoua,9
2004,37,Tillaberi,0
2004,37,Zinder,9
2004,38,Agadez,0
2004,38,Diffa,0
2004,38,Dosso,31
2004,38,Maradi,11
2004,38,Niamey,0
2004,38,Tahoua,8
2004,38,Tillaberi,3
2004,38,Zinder,0
2004,39,Agadez,3
2004,39,Diffa,7
2004,39,Dosso,8
2004,39,Maradi,2
2004,39,Niamey,2
2004,39,Tahoua,18
2004,39,Tillaberi,2
2004,39,Zinder,5
2004,40,Agadez,0
2004,40,Diffa,1
2004,40,Dosso,10
2004,40,Maradi,3
2004,40,Niamey,0
2004,40,Tahoua,10
2004,40,Tillaberi,0
2004,40,Zinder,4
2004,41,Agadez,0
2004,41,Diffa,0
2004,41,Dosso,7
2004,41,Maradi,4
2004,41,Niamey,0
2004,41,Tahoua,7
2004,41,Tillaberi,0
2004,41,Zinder,3
2004,42,Agadez,0
2004,42,Diffa,1
2004,42,Dosso,29
2004,42,Maradi,5
2004,42,Niamey,0
2004,42,Tahoua,21
2004,42,Tillaberi,5
2004,42,Zinder,5
2004,43,Agadez,0
2004,43,Diffa,0
2004,43,Dosso,29
2004,43,Maradi,10
2004,43,Niamey,0
2004,43,Tahoua,22
2004,43,Tillaberi,2
2004,43,Zinder,21
2004,44,Agadez,0
2004,44,Diffa,0
2004,44,Dosso,41
2004,44,Maradi,8
2004,44,Niamey,0
2004,44,Tahoua,3
2004,44,Tillaberi,2
2004,44,Zinder,12
2004,45,Agadez,0
2004,45,Diffa,2
2004,45,Dosso,12
2004,45,Maradi,10
2004,45,Niamey,0
2004,45,Tahoua,9
2004,45,Tillaberi,1
2004,45,Zinder,5
2004,46,Agadez,0
2004,46,Diffa,0
2004,46,Dosso,6
2004,46,Maradi,4
2004,46,Niamey,0
2004,46,Tahoua,6
2004,46,Tillaberi,0
2004,46,Zinder,7
2004,47,Agadez,0
2004,47,Diffa,3
2004,47,Dosso,13
2004,47,Maradi,5
2004,47,Niamey,3
2004,47,Tahoua,9
2004,47,Tillaberi,3
2004,47,Zinder,0
2004,48,Agadez,0
2004,48,Diffa,1
2004,48,Dosso,34
2004,48,Maradi,6
2004,48,Niamey,0
2004,48,Tahoua,12
2004,48,Tillaberi,0
2004,48,Zinder,10
2004,49,Agadez,0
2004,49,Diffa,3
2004,49,Dosso,26
2004,49,Maradi,5
2004,49,Niamey,0
2004,49,Tahoua,18
2004,49,Tillaberi,8
2004,49,Zinder,17
2004,50,Agadez,0
2004,50,Diffa,0
2004,50,Dosso,48
2004,50,Maradi,12
2004,50,Niamey,0
2004,50,Tahoua,8
2004,50,Tillaberi,0
2004,50,Zinder,13
2004,51,Agadez,0
2004,51,Diffa,0
2004,51,Dosso,30
2004,51,Maradi,18
2004,51,Niamey,0
2004,51,Tahoua,7
2004,51,Tillaberi,2
2004,51,Zinder,11
2004,52,Agadez,2
2004,52,Diffa,6
2004,52,Dosso,44
2004,52,Maradi,13
2004,52,Niamey,0
2004,52,Tahoua,11
2004,52,Tillaberi,1
2004,52,Zinder,32
2005,1,Agadez,1
2005,1,Diffa,8
2005,1,Dosso,8
2005,1,Maradi,13
2005,1,Niamey,1
2005,1,Tahoua,12
2005,1,Tillaberi,1
2005,1,Zinder,29
2005,2,Agadez,1
2005,2,Diffa,4
2005,2,Dosso,9
2005,2,Maradi,27
2005,2,Niamey,3
2005,2,Tahoua,9
2005,2,Tillaberi,1
2005,2,Zinder,20
2005,3,Agadez,0
2005,3,Diffa,0
2005,3,Dosso,3
2005,3,Maradi,7
2005,3,Niamey,0
2005,3,Tahoua,5
2005,3,Tillaberi,7
2005,3,Zinder,19
2005,4,Agadez,3
2005,4,Diffa,20
2005,4,Dosso,8
2005,4,Maradi,14
2005,4,Niamey,0
2005,4,Tahoua,14
2005,4,Tillaberi,5
2005,4,Zinder,36
2005,5,Agadez,1
2005,5,Diffa,13
2005,5,Dosso,6
2005,5,Maradi,25
2005,5,Niamey,0
2005,5,Tahoua,7
2005,5,Tillaberi,5
2005,5,Zinder,35
2005,6,Agadez,4
2005,6,Diffa,43
2005,6,Dosso,4
2005,6,Maradi,18
2005,6,Niamey,1
2005,6,Tahoua,9
2005,6,Tillaberi,3
2005,6,Zinder,25
2005,7,Agadez,2
2005,7,Diffa,13
2005,7,Dosso,11
2005,7,Maradi,22
2005,7,Niamey,1
2005,7,Tahoua,7
2005,7,Tillaberi,2
2005,7,Zinder,22
2005,8,Agadez,1
2005,8,Diffa,18
2005,8,Dosso,5
2005,8,Maradi,12
2005,8,Niamey,5
2005,8,Tahoua,12
2005,8,Tillaberi,1
2005,8,Zinder,49
2005,9,Agadez,1
2005,9,Diffa,21
2005,9,Dosso,9
2005,9,Maradi,33
2005,9,Niamey,4
2005,9,Tahoua,13
2005,9,Tillaberi,5
2005,9,Zinder,82
2005,10,Agadez,2
2005,10,Diffa,11
2005,10,Dosso,6
2005,10,Maradi,49
2005,10,Niamey,5
2005,10,Tahoua,18
2005,10,Tillaberi,1
2005,10,Zinder,23
2005,11,Agadez,2
2005,11,Diffa,29
2005,11,Dosso,6
2005,11,Maradi,32
2005,11,Niamey,0
2005,11,Tahoua,8
2005,11,Tillaberi,3
2005,11,Zinder,28
2005,12,Agadez,5
2005,12,Diffa,9
2005,12,Dosso,0
2005,12,Maradi,26
2005,12,Niamey,0
2005,12,Tahoua,3
2005,12,Tillaberi,13
2005,12,Zinder,18
2005,13,Agadez,3
2005,13,Diffa,3
2005,13,Dosso,12
2005,13,Maradi,31
2005,13,Niamey,2
2005,13,Tahoua,9
2005,13,Tillaberi,3
2005,13,Zinder,34
2005,14,Agadez,0
2005,14,Diffa,4
2005,14,Dosso,7
2005,14,Maradi,16
2005,14,Niamey,1
2005,14,Tahoua,11
2005,14,Tillaberi,10
2005,14,Zinder,24
2005,15,Agadez,5
2005,15,Diffa,8
2005,15,Dosso,9
2005,15,Maradi,44
2005,15,Niamey,1
2005,15,Tahoua,2
2005,15,Tillaberi,3
2005,15,Zinder,33
2005,16,Agadez,1
2005,16,Diffa,13
2005,16,Dosso,7
2005,16,Maradi,19
2005,16,Niamey,5
2005,16,Tahoua,2
2005,16,Tillaberi,8
2005,16,Zinder,38
2005,17,Agadez,2
2005,17,Diffa,13
2005,17,Dosso,22
2005,17,Maradi,21
2005,17,Niamey,5
2005,17,Tahoua,9
2005,17,Tillaberi,7
2005,17,Zinder,37
2005,18,Agadez,5
2005,18,Diffa,10
2005,18,Dosso,11
2005,18,Maradi,20
2005,18,Niamey,2
2005,18,Tahoua,5
2005,18,Tillaberi,2
2005,18,Zinder,15
2005,19,Agadez,1
2005,19,Diffa,10
2005,19,Dosso,9
2005,19,Maradi,25
2005,19,Niamey,2
2005,19,Tahoua,1
2005,19,Tillaberi,1
2005,19,Zinder,42
2005,20,Agadez,8
2005,20,Diffa,8
2005,20,Dosso,1
2005,20,Maradi,14
2005,20,Niamey,2
2005,20,Tahoua,5
2005,20,Tillaberi,2
2005,20,Zinder,0
2005,21,Agadez,0
2005,21,Diffa,33
2005,21,Dosso,3
2005,21,Maradi,21
2005,21,Niamey,2
2005,21,Tahoua,4
2005,21,Tillaberi,1
2005,21,Zinder,26
2005,22,Agadez,7
2005,22,Diffa,22
2005,22,Dosso,1
2005,22,Maradi,2
2005,22,Niamey,0
2005,22,Tahoua,5
2005,22,Tillaberi,4
2005,22,Zinder,17
2005,23,Agadez,4
2005,23,Diffa,0
2005,23,Dosso,1
2005,23,Maradi,5
2005,23,Niamey,1
2005,23,Tahoua,1
2005,23,Tillaberi,2
2005,23,Zinder,1
2005,24,Agadez,4
2005,24,Diffa,11
2005,24,Dosso,0
2005,24,Maradi,0
2005,24,Niamey,0
2005,24,Tahoua,2
2005,24,Tillaberi,2
2005,24,Zinder,1
2005,25,Agadez,3
2005,25,Diffa,14
2005,25,Dosso,1
2005,25,Maradi,3
2005,25,Niamey,0
2005,25,Tahoua,1
2005,25,Tillaberi,1
2005,25,Zinder,16
2005,26,Agadez,1
2005,26,Diffa,16
2005,26,Dosso,0
2005,26,Maradi,10
2005,26,Niamey,1
2005,26,Tahoua,7
2005,26,Tillaberi,1
2005,26,Zinder,25
2005,27,Agadez,2
2005,27,Diffa,1
2005,27,Dosso,0
2005,27,Maradi,4
2005,27,Niamey,0
2005,27,Tahoua,0
2005,27,Tillaberi,0
2005,27,Zinder,8
2005,28,Agadez,0
2005,28,Diffa,5
2005,28,Dosso,0
2005,28,Maradi,1
2005,28,Niamey,0
2005,28,Tahoua,0
2005,28,Tillaberi,0
2005,28,Zinder,3
2005,29,Agadez,7
2005,29,Diffa,0
2005,29,Dosso,0
2005,29,Maradi,2
2005,29,Niamey,0
2005,29,Tahoua,0
2005,29,Tillaberi,0
2005,29,Zinder,0
2005,30,Agadez,4
2005,30,Diffa,0
2005,30,Dosso,0
2005,30,Maradi,0
2005,30,Niamey,0
2005,30,Tahoua,0
2005,30,Tillaberi,0
2005,30,Zinder,0
2005,31,Agadez,5
2005,31,Diffa,0
2005,31,Dosso,0
2005,31,Maradi,2
2005,31,Niamey,0
2005,31,Tahoua,0
2005,31,Tillaberi,0
2005,31,Zinder,0
2005,32,Agadez,3
2005,32,Diffa,0
2005,32,Dosso,0
2005,32,Maradi,1
2005,32,Niamey,1
2005,32,Tahoua,0
2005,32,Tillaberi,0
2005,32,Zinder,0
2005,33,Agadez,0
2005,33,Diffa,0
2005,33,Dosso,0
2005,33,Maradi,3
2005,33,Niamey,0
2005,33,Tahoua,0
2005,33,Tillaberi,0
2005,33,Zinder,0
2005,34,Agadez,1
2005,34,Diffa,0
2005,34,Dosso,0
2005,34,Maradi,1
2005,34,Niamey,1
2005,34,Tahoua,0
2005,34,Tillaberi,0
2005,34,Zinder,0
2005,35,Agadez,0
2005,35,Diffa,0
2005,35,Dosso,0
2005,35,Maradi,0
2005,35,Niamey,0
2005,35,Tahoua,0
2005,35,Tillaberi,1
2005,35,Zinder,0
2005,36,Agadez,0
2005,36,Diffa,0
2005,36,Dosso,0
2005,36,Maradi,0
2005,36,Niamey,0
2005,36,Tahoua,0
2005,36,Tillaberi,0
2005,36,Zinder,0
2005,37,Agadez,0
2005,37,Diffa,0
2005,37,Dosso,0
2005,37,Maradi,0
2005,37,Niamey,1
2005,37,Tahoua,0
2005,37,Tillaberi,0
2005,37,Zinder,0
2005,38,Agadez,0
2005,38,Diffa,0
2005,38,Dosso,0
2005,38,Maradi,0
2005,38,Niamey,0
2005,38,Tahoua,0
2005,38,Tillaberi,0
2005,38,Zinder,0
2005,39,Agadez,0
2005,39,Diffa,0
2005,39,Dosso,2
2005,39,Maradi,0
2005,39,Niamey,0
2005,39,Tahoua,0
2005,39,Tillaberi,0
2005,39,Zinder,0
2005,40,Agadez,0
2005,40,Diffa,0
2005,40,Dosso,0
2005,40,Maradi,1
2005,40,Niamey,0
2005,40,Tahoua,0
2005,40,Tillaberi,0
2005,40,Zinder,0
2005,41,Agadez,0
2005,41,Diffa,0
2005,41,Dosso,1
2005,41,Maradi,1
2005,41,Niamey,0
2005,41,Tahoua,0
2005,41,Tillaberi,0
2005,41,Zinder,0
2005,42,Agadez,0
2005,42,Diffa,0
2005,42,Dosso,7
2005,42,Maradi,0
2005,42,Niamey,0
2005,42,Tahoua,0
2005,42,Tillaberi,0
2005,42,Zinder,0
2005,43,Agadez,0
2005,43,Diffa,0
2005,43,Dosso,0
2005,43,Maradi,0
2005,43,Niamey,0
2005,43,Tahoua,2
2005,43,Tillaberi,0
2005,43,Zinder,0
2005,44,Agadez,0
2005,44,Diffa,0
2005,44,Dosso,0
2005,44,Maradi,0
2005,44,Niamey,0
2005,44,Tahoua,0
2005,44,Tillaberi,0
2005,44,Zinder,0
2005,45,Agadez,0
2005,45,Diffa,0
2005,45,Dosso,0
2005,45,Maradi,0
2005,45,Niamey,0
2005,45,Tahoua,0
2005,45,Tillaberi,0
2005,45,Zinder,0
2005,46,Agadez,0
2005,46,Diffa,0
2005,46,Dosso,0
2005,46,Maradi,0
2005,46,Niamey,0
2005,46,Tahoua,0
2005,46,Tillaberi,0
2005,46,Zinder,0
2005,47,Agadez,0
2005,47,Diffa,0
2005,47,Dosso,0
2005,47,Maradi,0
2005,47,Niamey,0
2005,47,Tahoua,0
2005,47,Tillaberi,0
2005,47,Zinder,0
2005,48,Agadez,0
2005,48,Diffa,0
2005,48,Dosso,0
2005,48,Maradi,0
2005,48,Niamey,0
2005,48,Tahoua,0
2005,48,Tillaberi,0
2005,48,Zinder,0
2005,49,Agadez,0
2005,49,Diffa,0
2005,49,Dosso,2
2005,49,Maradi,0
2005,49,Niamey,0
2005,49,Tahoua,0
2005,49,Tillaberi,0
2005,49,Zinder,1
2005,50,Agadez,1
2005,50,Diffa,0
2005,50,Dosso,0
2005,50,Maradi,1
2005,50,Niamey,0
2005,50,Tahoua,0
2005,50,Tillaberi,0
2005,50,Zinder,0
2005,51,Agadez,0
2005,51,Diffa,0
2005,51,Dosso,0
2005,51,Maradi,0
2005,51,Niamey,0
2005,51,Tahoua,0
2005,51,Tillaberi,0
2005,51,Zinder,0
2005,52,Agadez,0
2005,52,Diffa,0
2005,52,Dosso,0
2005,52,Maradi,0
2005,52,Niamey,0
2005,52,Tahoua,1
2005,52,Tillaberi,0
2005,52,Zinder,2
